URL,label,URLLength,DomainLength,TLDLength,IsDomainIP,NoOfSubDomain,HasObfuscation,NoOfObfuscatedChar,ObfuscationRatio,NoOfLettersInURL,LetterRatioInURL,NoOfDegitsInURL,DegitRatioInURL,NoOfEqualsInURL,NoOfQMarkInURL,NoOfAmpersandInURL,NoOfOtherSpecialCharsInURL,SpacialCharRatioInURL,IsHTTPS,Bank,Pay,Crypto,LineOfCode,LargestLineLength,NoOfImage,NoOfCSS,NoOfJS,NoOfSelfRef,NoOfEmptyRef,NoOfExternalRef
https://searspartsdirect.com,0,28.0,20.0,3.0,0.0,0.0,0.0,0.0,0.0,19.0,0.6785714285714286,0.0,0.0,0.0,0.0,0.0,0.0,0.0,1.0,0.0,0.0,0.0,0.6931471805599453,8.596928159435091,0.0,0.6931471805599453,0.6931471805599453,0.0,0.0,0.0
https://bbva.es,0,15.0,7.0,2.0,0.0,0.0,0.0,0.0,0.0,6.0,0.4,0.0,0.0,0.0,0.0,0.0,0.0,0.0,1.0,0.0,0.0,0.0,9.015662792972645,10.850811726990456,3.6888794541139363,5.313205979041787,3.8501476017100584,5.402677381872279,1.6094379124341003,2.5649493574615367
https://planetwin365.com,0,24.0,16.0,3.0,0.0,0.0,0.0,0.0,0.0,12.0,0.5,3.0,0.125,0.0,0.0,0.0,0.0,0.0,1.0,0.0,0.0,0.0,2.3978952727983707,4.859812404361672,0.0,0.0,0.0,0.0,0.0,0.0
https://nusatrip.com,0,20.0,12.0,3.0,0.0,0.0,0.0,0.0,0.0,11.0,0.55,0.0,0.0,0.0,0.0,0.0,0.0,0.0,1.0,0.0,0.0,0.0,8.17695386822578,7.8713112033234065,4.290459441148391,3.1780538303479458,4.143134726391533,4.543294782270004,0.6931471805599453,2.6390573296152584
https://stb.ua,0,14.0,6.0,2.0,0.0,0.0,0.0,0.0,0.0,5.0,0.35714285714285715,0.0,0.0,0.0,0.0,0.0,0.0,0.0,1.0,0.0,0.0,0.0,0.6931471805599453,8.575273402492762,0.0,0.6931471805599453,0.6931471805599453,0.0,0.0,0.0
https://smartfren.com,0,21.0,13.0,3.0,0.0,0.0,0.0,0.0,0.0,12.0,0.5714285714285714,0.0,0.0,0.0,0.0,0.0,0.0,0.0,1.0,0.0,0.0,0.0,0.6931471805599453,9.193194213141211,0.0,0.0,2.8903717578961645,0.0,0.0,0.0
https://indianyellowpages.com,0,29.0,21.0,3.0,0.0,0.0,0.0,0.0,0.0,20.0,0.6896551724137931,0.0,0.0,0.0,0.0,0.0,0.0,0.0,1.0,0.0,0.0,0.0,0.6931471805599453,4.90527477843843,0.0,0.0,0.0,0.0,0.0,0.0
https://bada.tv,0,15.0,7.0,2.0,0.0,0.0,0.0,0.0,0.0,6.0,0.4,0.0,0.0,0.0,0.0,0.0,0.0,0.0,1.0,0.0,0.0,0.0,5.43372200355424,5.986452005284438,0.0,1.6094379124341003,2.302585092994046,2.772588722239781,0.0,0.0
https://commercebank.com,0,24.0,16.0,3.0,0.0,0.0,0.0,0.0,0.0,15.0,0.625,0.0,0.0,0.0,0.0,0.0,0.0,0.0,1.0,1.0,0.0,0.0,0.6931471805599453,6.7661917146603505,0.0,0.0,0.6931471805599453,0.0,0.0,0.0
https://pradonoticia.com,0,24.0,16.0,3.0,0.0,0.0,0.0,0.0,0.0,15.0,0.625,0.0,0.0,0.0,0.0,0.0,0.0,0.0,1.0,0.0,0.0,0.0,0.6931471805599453,8.445482343862237,0.0,0.0,0.6931471805599453,0.0,0.0,0.0
https://aeropostale.com,0,23.0,15.0,3.0,0.0,0.0,0.0,0.0,0.0,14.0,0.6086956521739131,0.0,0.0,0.0,0.0,0.0,0.0,0.0,1.0,0.0,0.0,0.0,2.3978952727983707,4.6443908991413725,0.0,0.0,0.0,0.0,0.0,0.0
https://fixya.com,0,17.0,9.0,3.0,0.0,0.0,0.0,0.0,0.0,8.0,0.47058823529411764,0.0,0.0,0.0,0.0,0.0,0.0,0.0,1.0,0.0,0.0,0.0,0.6931471805599453,8.574329382787047,0.0,0.6931471805599453,0.6931471805599453,0.0,0.0,0.0
https://5yi.com,0,15.0,7.0,3.0,0.0,0.0,0.0,0.0,0.0,5.0,0.3333333333333333,1.0,0.06666666666666667,0.0,0.0,0.0,0.0,0.0,1.0,0.0,0.0,0.0,0.6931471805599453,4.74493212836325,0.0,0.0,0.6931471805599453,0.0,0.0,0.0
https://finanzaonline.com,0,25.0,17.0,3.0,0.0,0.0,0.0,0.0,0.0,16.0,0.64,0.0,0.0,0.0,0.0,0.0,0.0,0.0,1.0,0.0,0.0,0.0,0.6931471805599453,8.579792333172758,0.0,0.6931471805599453,0.6931471805599453,0.0,0.0,0.0
https://symfony.com,0,19.0,11.0,3.0,0.0,0.0,0.0,0.0,0.0,10.0,0.5263157894736842,0.0,0.0,0.0,0.0,0.0,0.0,0.0,1.0,0.0,0.0,0.0,7.383989457978509,8.569785641535407,0.6931471805599453,2.6390573296152584,2.772588722239781,4.465908118654584,0.0,3.5263605246161616
https://dirtstyle.tv,0,20.0,12.0,2.0,0.0,0.0,0.0,0.0,0.0,11.0,0.55,0.0,0.0,0.0,0.0,0.0,0.0,0.0,1.0,0.0,0.0,0.0,7.952966790923131,8.348774539791274,4.23410650459726,1.9459101490553132,2.1972245773362196,4.709530201312334,0.0,0.0
https://pantiesparadise.de,0,26.0,18.0,2.0,0.0,0.0,0.0,0.0,0.0,17.0,0.6538461538461539,0.0,0.0,0.0,0.0,0.0,0.0,0.0,1.0,0.0,0.0,0.0,9.105646300861517,7.1316985104669115,5.087596335232384,0.6931471805599453,2.1972245773362196,6.375024819828097,0.0,1.3862943611198906
https://sagepub.com,0,19.0,11.0,3.0,0.0,0.0,0.0,0.0,0.0,10.0,0.5263157894736842,0.0,0.0,0.0,0.0,0.0,0.0,0.0,1.0,0.0,0.0,0.0,7.370230641807081,8.244071270295786,2.1972245773362196,0.6931471805599453,3.784189633918261,3.6109179126442243,1.0986122886681098,0.6931471805599453
https://freeonlinegames.com,0,27.0,19.0,3.0,0.0,0.0,0.0,0.0,0.0,18.0,0.6666666666666666,0.0,0.0,0.0,0.0,0.0,0.0,0.0,1.0,0.0,0.0,0.0,7.343426229147367,7.410347097821024,5.049856007249537,1.6094379124341003,2.70805020110221,5.673323267171493,0.6931471805599453,0.0
https://farmers.com,0,19.0,11.0,3.0,0.0,0.0,0.0,0.0,0.0,10.0,0.5263157894736842,0.0,0.0,0.0,0.0,0.0,0.0,0.0,1.0,0.0,0.0,0.0,2.3978952727983707,4.6443908991413725,0.0,0.0,0.0,0.0,0.0,0.0
https://bluedolphin-magazines.com,0,33.0,25.0,3.0,0.0,0.0,0.0,0.0,0.0,23.0,0.696969696969697,0.0,0.0,0.0,0.0,0.0,1.0,0.030303030303030304,1.0,0.0,0.0,0.0,5.676753802268282,5.733341276897746,3.4011973816621555,1.0986122886681098,2.3978952727983707,4.330733340286331,0.6931471805599453,1.6094379124341003
https://openenglish.com,0,23.0,15.0,3.0,0.0,0.0,0.0,0.0,0.0,14.0,0.6086956521739131,0.0,0.0,0.0,0.0,0.0,0.0,0.0,1.0,0.0,0.0,0.0,8.513385953073284,11.823969997458901,4.143134726391533,3.4657359027997265,3.367295829986474,4.060443010546419,1.3862943611198906,2.3978952727983707
https://capital.ro,0,18.0,10.0,2.0,0.0,0.0,0.0,0.0,0.0,9.0,0.5,0.0,0.0,0.0,0.0,0.0,0.0,0.0,1.0,0.0,0.0,0.0,7.478734825567875,9.078065332666364,4.219507705176107,2.5649493574615367,3.6109179126442243,5.241747015059643,0.6931471805599453,2.4849066497880004
https://renlearn.com,0,20.0,12.0,3.0,0.0,0.0,0.0,0.0,0.0,11.0,0.55,0.0,0.0,0.0,0.0,0.0,0.0,0.0,1.0,0.0,0.0,0.0,8.107720061910534,9.086249986745132,3.784189633918261,3.4965075614664802,3.295836866004329,4.59511985013459,1.3862943611198906,3.6635616461296463
https://gahe.com,0,16.0,8.0,3.0,0.0,0.0,0.0,0.0,0.0,7.0,0.4375,0.0,0.0,0.0,0.0,0.0,0.0,0.0,1.0,0.0,0.0,0.0,4.653960350157523,5.420534999272286,3.044522437723423,1.0986122886681098,1.0986122886681098,3.044522437723423,0.0,0.0
https://rapid7.com,0,18.0,10.0,3.0,0.0,0.0,0.0,0.0,0.0,8.0,0.4444444444444444,1.0,0.05555555555555555,0.0,0.0,0.0,0.0,0.0,1.0,0.0,0.0,0.0,0.6931471805599453,13.254757373438515,4.5217885770490405,2.302585092994046,4.736198448394496,4.394449154672439,0.0,1.6094379124341003
https://forumarabia.com,0,23.0,15.0,3.0,0.0,0.0,0.0,0.0,0.0,14.0,0.6086956521739131,0.0,0.0,0.0,0.0,0.0,0.0,0.0,1.0,0.0,0.0,0.0,5.993961427306569,6.928537818164665,0.6931471805599453,1.6094379124341003,2.70805020110221,5.147494476813453,0.0,2.6390573296152584
https://discovery.com,0,21.0,13.0,3.0,0.0,0.0,0.0,0.0,0.0,12.0,0.5714285714285714,0.0,0.0,0.0,0.0,0.0,0.0,0.0,1.0,0.0,0.0,0.0,8.205218426395412,10.82406906582744,3.1354942159291497,1.6094379124341003,3.5553480614894135,4.02535169073515,0.0,3.4011973816621555
https://megalodon.jp,0,20.0,12.0,2.0,0.0,0.0,0.0,0.0,0.0,11.0,0.55,0.0,0.0,0.0,0.0,0.0,0.0,0.0,1.0,0.0,0.0,0.0,5.087596335232384,5.459585514144159,1.0986122886681098,1.3862943611198906,1.3862943611198906,2.302585092994046,0.0,1.0986122886681098
https://force-download.es,0,25.0,17.0,2.0,0.0,0.0,0.0,0.0,0.0,15.0,0.6,0.0,0.0,0.0,0.0,0.0,1.0,0.04,1.0,0.0,0.0,0.0,3.58351893845611,4.976733742420574,0.0,0.6931471805599453,1.0986122886681098,0.6931471805599453,0.0,0.0
https://disfrutalasmatematicas.com,0,34.0,26.0,3.0,0.0,0.0,0.0,0.0,0.0,25.0,0.7352941176470589,0.0,0.0,0.0,0.0,0.0,0.0,0.0,1.0,0.0,0.0,0.0,6.173786103901937,5.978885764901122,1.9459101490553132,1.0986122886681098,1.791759469228055,3.7376696182833684,0.0,0.6931471805599453
https://lifespan.com,0,20.0,12.0,3.0,0.0,0.0,0.0,0.0,0.0,11.0,0.55,0.0,0.0,0.0,0.0,0.0,0.0,0.0,1.0,0.0,0.0,0.0,0.6931471805599453,8.578852571802965,0.0,0.6931471805599453,0.6931471805599453,0.0,0.0,0.0
https://decathlon.fr,0,20.0,12.0,2.0,0.0,0.0,0.0,0.0,0.0,11.0,0.55,0.0,0.0,0.0,0.0,0.0,0.0,0.0,1.0,0.0,0.0,0.0,0.6931471805599453,8.587651655064798,0.0,0.6931471805599453,0.6931471805599453,0.0,0.0,0.0
https://cope.es,0,15.0,7.0,2.0,0.0,0.0,0.0,0.0,0.0,6.0,0.4,0.0,0.0,0.0,0.0,0.0,0.0,0.0,1.0,0.0,0.0,0.0,9.526464118059266,10.08455832742843,5.641907070938114,1.3862943611198906,3.367295829986474,5.802118375377063,5.241747015059643,3.044522437723423
https://flirthookup.com,0,23.0,15.0,3.0,0.0,0.0,0.0,0.0,0.0,14.0,0.6086956521739131,0.0,0.0,0.0,0.0,0.0,0.0,0.0,1.0,0.0,0.0,0.0,5.14166355650266,12.01863401883674,0.0,0.6931471805599453,4.68213122712422,0.0,0.0,0.0
https://westwing.ru,0,19.0,11.0,2.0,0.0,0.0,0.0,0.0,0.0,10.0,0.5263157894736842,0.0,0.0,0.0,0.0,0.0,0.0,0.0,1.0,0.0,0.0,0.0,7.519149957669823,7.589841512182657,4.07753744390572,1.6094379124341003,2.9444389791664403,4.605170185988092,1.0986122886681098,1.6094379124341003
https://xyupload.com,0,20.0,12.0,3.0,0.0,0.0,0.0,0.0,0.0,11.0,0.55,0.0,0.0,0.0,0.0,0.0,0.0,0.0,1.0,0.0,0.0,0.0,0.6931471805599453,8.440312147080279,0.0,0.0,0.6931471805599453,0.0,0.0,0.0
https://babesandgirls.com,0,25.0,17.0,3.0,0.0,0.0,0.0,0.0,0.0,16.0,0.64,0.0,0.0,0.0,0.0,0.0,0.0,0.0,1.0,0.0,0.0,0.0,7.198183577101943,6.966024187106113,4.290459441148391,1.0986122886681098,2.0794415416798357,5.3612921657094255,1.3862943611198906,4.762173934797756
https://strangedazeindeed.com,0,29.0,21.0,3.0,0.0,0.0,0.0,0.0,0.0,20.0,0.6896551724137931,0.0,0.0,0.0,0.0,0.0,0.0,0.0,1.0,0.0,0.0,0.0,7.01571242048723,9.088963385809583,3.9512437185814275,2.8903717578961645,3.367295829986474,4.356708826689592,0.0,4.02535169073515
https://premium.pl,0,18.0,10.0,2.0,0.0,0.0,0.0,0.0,0.0,9.0,0.5,0.0,0.0,0.0,0.0,0.0,0.0,0.0,1.0,0.0,0.0,0.0,6.78332520060396,6.152732694704104,2.3978952727983707,1.3862943611198906,2.3978952727983707,4.770684624465665,1.3862943611198906,0.6931471805599453
https://jobamatic.com,0,21.0,13.0,3.0,0.0,0.0,0.0,0.0,0.0,12.0,0.5714285714285714,0.0,0.0,0.0,0.0,0.0,0.0,0.0,1.0,0.0,0.0,0.0,0.6931471805599453,8.584290934948731,0.0,0.6931471805599453,0.6931471805599453,0.0,0.0,0.0
https://browserstack.com,0,24.0,16.0,3.0,0.0,0.0,0.0,0.0,0.0,15.0,0.625,0.0,0.0,0.0,0.0,0.0,0.0,0.0,1.0,0.0,0.0,0.0,6.0112671744041615,12.663070186096768,4.543294782270004,2.1972245773362196,2.995732273553991,5.332718793265369,0.0,2.5649493574615367
https://wanlitong.com,0,21.0,13.0,3.0,0.0,0.0,0.0,0.0,0.0,12.0,0.5714285714285714,0.0,0.0,0.0,0.0,0.0,0.0,0.0,1.0,0.0,0.0,0.0,3.6888794541139363,6.729824070489475,0.0,0.0,1.9459101490553132,0.0,0.0,0.0
https://webinane.com,0,20.0,12.0,3.0,0.0,0.0,0.0,0.0,0.0,11.0,0.55,0.0,0.0,0.0,0.0,0.0,0.0,0.0,1.0,0.0,0.0,0.0,9.1235835080499,9.086249986745132,4.1588830833596715,4.060443010546419,3.912023005428146,4.804021044733257,0.0,1.6094379124341003
https://pressengers.de,0,22.0,14.0,2.0,0.0,0.0,0.0,0.0,0.0,13.0,0.5909090909090909,0.0,0.0,0.0,0.0,0.0,0.0,0.0,1.0,0.0,0.0,0.0,5.488937726156687,9.086249986745132,2.4849066497880004,2.1972245773362196,2.3978952727983707,4.189654742026425,0.0,0.6931471805599453
https://005.tv,0,14.0,6.0,2.0,0.0,0.0,0.0,0.0,0.0,2.0,0.14285714285714285,3.0,0.21428571428571427,0.0,0.0,0.0,0.0,0.0,1.0,0.0,0.0,0.0,1.0986122886681098,7.344719054149673,0.0,0.0,1.3862943611198906,1.0986122886681098,0.0,1.3862943611198906
https://time.is,0,15.0,7.0,2.0,0.0,0.0,0.0,0.0,0.0,6.0,0.4,0.0,0.0,0.0,0.0,0.0,0.0,0.0,1.0,0.0,0.0,0.0,6.19644412779452,10.618445147359923,1.0986122886681098,1.0986122886681098,2.833213344056216,5.0369526024136295,0.6931471805599453,0.6931471805599453
https://city24.ee,0,17.0,9.0,2.0,0.0,0.0,0.0,0.0,0.0,6.0,0.35294117647058826,2.0,0.11764705882352941,0.0,0.0,0.0,0.0,0.0,1.0,0.0,0.0,0.0,4.204692619390966,12.401836778020618,0.0,1.0986122886681098,1.0986122886681098,1.6094379124341003,0.0,0.0
https://sonicch.com,0,19.0,11.0,3.0,0.0,0.0,0.0,0.0,0.0,10.0,0.5263157894736842,0.0,0.0,0.0,0.0,0.0,0.0,0.0,1.0,0.0,0.0,0.0,7.902117546276448,6.565264970035361,3.5263605246161616,1.9459101490553132,4.584967478670572,0.0,0.6931471805599453,5.236441962829949
https://invest-system.net,0,25.0,17.0,3.0,0.0,0.0,0.0,0.0,0.0,15.0,0.6,0.0,0.0,0.0,0.0,0.0,1.0,0.04,1.0,0.0,0.0,0.0,3.58351893845611,4.976733742420574,0.0,0.6931471805599453,1.0986122886681098,0.6931471805599453,0.0,0.0
https://tju.edu.cn,0,18.0,10.0,6.0,0.0,0.0,0.0,0.0,0.0,8.0,0.4444444444444444,0.0,0.0,0.0,0.0,0.0,0.0,0.0,1.0,0.0,0.0,0.0,8.216898580913613,7.034387929915503,4.820281565605037,2.5649493574615367,4.1588830833596715,6.0063531596017325,2.1972245773362196,3.1354942159291497
https://bitptc.com,0,18.0,10.0,3.0,0.0,0.0,0.0,0.0,0.0,9.0,0.5,0.0,0.0,0.0,0.0,0.0,0.0,0.0,1.0,0.0,0.0,0.0,6.706862336602747,6.839476438228843,2.995732273553991,2.302585092994046,2.8903717578961645,1.791759469228055,1.791759469228055,4.02535169073515
https://goodmenproject.com,0,26.0,18.0,3.0,0.0,0.0,0.0,0.0,0.0,17.0,0.6538461538461539,0.0,0.0,0.0,0.0,0.0,0.0,0.0,1.0,0.0,0.0,0.0,0.6931471805599453,8.579980179515003,0.0,0.6931471805599453,0.6931471805599453,0.0,0.0,0.0
https://salford.ac.uk,0,21.0,13.0,5.0,0.0,0.0,0.0,0.0,0.0,11.0,0.5238095238095238,0.0,0.0,0.0,0.0,0.0,0.0,0.0,1.0,0.0,0.0,0.0,7.466227556215481,7.00669522683704,3.1354942159291497,2.302585092994046,3.1354942159291497,4.5217885770490405,0.6931471805599453,2.5649493574615367
https://umn.edu,0,15.0,7.0,3.0,0.0,0.0,0.0,0.0,0.0,6.0,0.4,0.0,0.0,0.0,0.0,0.0,0.0,0.0,1.0,0.0,0.0,0.0,7.351158226430694,8.330140460246382,2.3978952727983707,2.70805020110221,3.1354942159291497,4.3694478524670215,1.3862943611198906,2.3978952727983707
https://tothemotherhood.com,0,27.0,19.0,3.0,0.0,0.0,0.0,0.0,0.0,18.0,0.6666666666666666,0.0,0.0,0.0,0.0,0.0,0.0,0.0,1.0,0.0,0.0,0.0,7.973155433444133,10.690193379861592,4.795790545596741,3.044522437723423,2.995732273553991,5.932245187448011,0.0,3.4965075614664802
https://songfacts.com,0,21.0,13.0,3.0,0.0,0.0,0.0,0.0,0.0,12.0,0.5714285714285714,0.0,0.0,0.0,0.0,0.0,0.0,0.0,1.0,0.0,0.0,0.0,7.925518979786926,8.615408238913192,3.6635616461296463,1.0986122886681098,3.091042453358316,5.187385805840755,0.6931471805599453,1.6094379124341003
https://forex-tsd.com,0,21.0,13.0,3.0,0.0,0.0,0.0,0.0,0.0,11.0,0.5238095238095238,0.0,0.0,0.0,0.0,0.0,1.0,0.047619047619047616,1.0,0.0,0.0,0.0,7.403061091090091,7.836764783264067,2.3978952727983707,1.3862943611198906,2.8903717578961645,6.09807428216624,0.6931471805599453,3.7612001156935624
https://scarabey.org,0,20.0,12.0,3.0,0.0,0.0,0.0,0.0,0.0,11.0,0.55,0.0,0.0,0.0,0.0,0.0,0.0,0.0,1.0,0.0,0.0,0.0,1.6094379124341003,9.29182818882245,0.6931471805599453,0.6931471805599453,0.6931471805599453,0.0,0.0,0.0
https://mariadb.com,0,19.0,11.0,3.0,0.0,0.0,0.0,0.0,0.0,10.0,0.5263157894736842,0.0,0.0,0.0,0.0,0.0,0.0,0.0,1.0,0.0,0.0,0.0,8.050384453067021,13.598718046035943,3.332204510175204,3.4011973816621555,3.091042453358316,5.204006687076795,0.0,1.6094379124341003
https://biggeekdad.com,0,22.0,14.0,3.0,0.0,0.0,0.0,0.0,0.0,13.0,0.5909090909090909,0.0,0.0,0.0,0.0,0.0,0.0,0.0,1.0,0.0,0.0,0.0,6.895682697747868,9.994104920119742,3.332204510175204,3.2188758248682006,3.58351893845611,4.1588830833596715,1.3862943611198906,0.0
https://searchsun.info,0,22.0,14.0,4.0,0.0,0.0,0.0,0.0,0.0,13.0,0.5909090909090909,0.0,0.0,0.0,0.0,0.0,0.0,0.0,1.0,0.0,0.0,0.0,1.0986122886681098,8.154212694914229,0.0,0.0,0.6931471805599453,0.0,0.0,0.0
https://2oceansvibe.com,0,23.0,15.0,3.0,0.0,0.0,0.0,0.0,0.0,13.0,0.5652173913043478,1.0,0.043478260869565216,0.0,0.0,0.0,0.0,0.0,1.0,0.0,0.0,0.0,0.6931471805599453,8.579416534596369,0.0,0.6931471805599453,0.6931471805599453,0.0,0.0,0.0
https://buldumbuldum.com,0,24.0,16.0,3.0,0.0,0.0,0.0,0.0,0.0,15.0,0.625,0.0,0.0,0.0,0.0,0.0,0.0,0.0,1.0,0.0,0.0,0.0,6.492239835020471,10.511485258054378,0.6931471805599453,2.6390573296152584,1.9459101490553132,1.0986122886681098,0.6931471805599453,1.3862943611198906
https://globe.com.ph,0,20.0,12.0,6.0,0.0,0.0,0.0,0.0,0.0,10.0,0.5,0.0,0.0,0.0,0.0,0.0,0.0,0.0,1.0,0.0,0.0,0.0,0.6931471805599453,8.587651655064798,0.0,0.6931471805599453,0.6931471805599453,0.0,0.0,0.0
https://te3p.com,0,16.0,8.0,3.0,0.0,0.0,0.0,0.0,0.0,6.0,0.375,1.0,0.0625,0.0,0.0,0.0,0.0,0.0,1.0,0.0,0.0,0.0,4.553876891600541,5.978885764901122,0.0,1.0986122886681098,1.3862943611198906,0.0,0.0,0.6931471805599453
https://bidorbuy.co.za,0,22.0,14.0,5.0,0.0,0.0,0.0,0.0,0.0,12.0,0.5454545454545454,0.0,0.0,0.0,0.0,0.0,0.0,0.0,1.0,0.0,0.0,0.0,7.882314918980268,9.094929520464856,4.204692619390966,1.3862943611198906,4.110873864173311,1.6094379124341003,0.0,6.063785208687608
https://spring.me,0,17.0,9.0,2.0,0.0,0.0,0.0,0.0,0.0,8.0,0.47058823529411764,0.0,0.0,0.0,0.0,0.0,0.0,0.0,1.0,0.0,0.0,0.0,3.7376696182833684,5.365976015021851,0.6931471805599453,0.6931471805599453,0.0,0.0,0.0,0.6931471805599453
https://gempak.org,0,18.0,10.0,3.0,0.0,0.0,0.0,0.0,0.0,9.0,0.5,0.0,0.0,0.0,0.0,0.0,0.0,0.0,1.0,0.0,0.0,0.0,2.70805020110221,5.598421958998375,0.0,0.6931471805599453,0.0,0.0,0.0,0.0
https://samuel-warde.com,0,24.0,16.0,3.0,0.0,0.0,0.0,0.0,0.0,14.0,0.5833333333333334,0.0,0.0,0.0,0.0,0.0,1.0,0.041666666666666664,1.0,0.0,0.0,0.0,6.862757913051401,10.043075566743182,2.302585092994046,3.4965075614664802,2.833213344056216,3.1354942159291497,2.0794415416798357,1.0986122886681098
https://upc.edu,0,15.0,7.0,3.0,0.0,0.0,0.0,0.0,0.0,6.0,0.4,0.0,0.0,0.0,0.0,0.0,0.0,0.0,1.0,0.0,0.0,0.0,7.486613313139955,9.893992617974327,4.127134385045092,1.3862943611198906,2.6390573296152584,5.267858159063328,1.791759469228055,2.995732273553991
https://afrik.com,0,17.0,9.0,3.0,0.0,0.0,0.0,0.0,0.0,8.0,0.47058823529411764,0.0,0.0,0.0,0.0,0.0,0.0,0.0,1.0,0.0,0.0,0.0,0.6931471805599453,8.579040594742317,0.0,0.6931471805599453,0.6931471805599453,0.0,0.0,0.0
https://apr.gov.rs,0,18.0,10.0,6.0,0.0,0.0,0.0,0.0,0.0,8.0,0.4444444444444444,0.0,0.0,0.0,0.0,0.0,0.0,0.0,1.0,0.0,0.0,0.0,0.6931471805599453,10.57413346774956,0.0,0.6931471805599453,0.0,0.0,0.0,0.0
https://infomistico.com,0,23.0,15.0,3.0,0.0,0.0,0.0,0.0,0.0,14.0,0.6086956521739131,0.0,0.0,0.0,0.0,0.0,0.0,0.0,1.0,0.0,0.0,0.0,8.043663352393944,11.71000426273909,3.1354942159291497,1.9459101490553132,3.1780538303479458,2.302585092994046,1.791759469228055,3.295836866004329
https://vivacolombia.co,0,23.0,15.0,2.0,0.0,0.0,0.0,0.0,0.0,14.0,0.6086956521739131,0.0,0.0,0.0,0.0,0.0,0.0,0.0,1.0,0.0,0.0,0.0,0.6931471805599453,4.74493212836325,0.0,0.0,0.6931471805599453,0.0,0.0,0.0
https://dacure.com,0,18.0,10.0,3.0,0.0,0.0,0.0,0.0,0.0,9.0,0.5,0.0,0.0,0.0,0.0,0.0,0.0,0.0,1.0,0.0,0.0,0.0,7.502738210754851,11.427541853360504,4.007333185232471,2.0794415416798357,2.995732273553991,2.3978952727983707,1.0986122886681098,4.442651256490317
https://kirklands.com,0,21.0,13.0,3.0,0.0,0.0,0.0,0.0,0.0,12.0,0.5714285714285714,0.0,0.0,0.0,0.0,0.0,0.0,0.0,1.0,0.0,0.0,0.0,8.248790733696413,7.52294091807237,3.784189633918261,2.70805020110221,4.189654742026425,5.918893854273146,2.9444389791664403,2.5649493574615367
https://expedia.co.jp,0,21.0,13.0,5.0,0.0,0.0,0.0,0.0,0.0,11.0,0.5238095238095238,0.0,0.0,0.0,0.0,0.0,0.0,0.0,1.0,0.0,0.0,0.0,5.081404364984463,11.235167320382796,1.0986122886681098,1.6094379124341003,3.091042453358316,0.6931471805599453,0.0,0.0
https://qubitproducts.com,0,25.0,17.0,3.0,0.0,0.0,0.0,0.0,0.0,16.0,0.64,0.0,0.0,0.0,0.0,0.0,0.0,0.0,1.0,0.0,0.0,0.0,7.572502985020384,11.309290380044061,3.912023005428146,2.1972245773362196,3.044522437723423,5.1647859739235145,0.6931471805599453,3.6109179126442243
https://eventbrite.com.au,0,25.0,17.0,6.0,0.0,0.0,0.0,0.0,0.0,15.0,0.6,0.0,0.0,0.0,0.0,0.0,0.0,0.0,1.0,0.0,0.0,0.0,1.3862943611198906,12.055470661626659,2.833213344056216,1.791759469228055,2.833213344056216,5.187385805840755,1.0986122886681098,2.302585092994046
https://gesundheitsfrage.net,0,28.0,20.0,3.0,0.0,0.0,0.0,0.0,0.0,19.0,0.6785714285714286,0.0,0.0,0.0,0.0,0.0,0.0,0.0,1.0,0.0,0.0,0.0,8.492080490601163,12.344577276080853,2.302585092994046,1.6094379124341003,2.302585092994046,4.770684624465665,0.0,2.3978952727983707
https://smartapp.com,0,20.0,12.0,3.0,0.0,0.0,0.0,0.0,0.0,11.0,0.55,0.0,0.0,0.0,0.0,0.0,0.0,0.0,1.0,0.0,0.0,0.0,8.133587417660966,8.734560089952993,5.170483995038151,3.091042453358316,3.970291913552122,4.51085950651685,1.3862943611198906,3.4011973816621555
https://forumophilia.com,0,24.0,16.0,3.0,0.0,0.0,0.0,0.0,0.0,15.0,0.625,0.0,0.0,0.0,0.0,0.0,0.0,0.0,1.0,0.0,0.0,0.0,6.725033642166843,7.461640392208575,3.4965075614664802,1.6094379124341003,1.791759469228055,4.61512051684126,0.0,0.0
https://gurugossiper.com,0,24.0,16.0,3.0,0.0,0.0,0.0,0.0,0.0,15.0,0.625,0.0,0.0,0.0,0.0,0.0,0.0,0.0,1.0,0.0,0.0,0.0,0.6931471805599453,8.559486103606488,0.0,0.6931471805599453,0.6931471805599453,0.0,0.0,0.0
https://kansascity.com,0,22.0,14.0,3.0,0.0,0.0,0.0,0.0,0.0,13.0,0.5909090909090909,0.0,0.0,0.0,0.0,0.0,0.0,0.0,1.0,0.0,0.0,0.0,2.3978952727983707,4.68213122712422,0.0,0.0,0.0,0.0,0.0,0.0
https://mlbuy.com,0,17.0,9.0,3.0,0.0,0.0,0.0,0.0,0.0,8.0,0.47058823529411764,0.0,0.0,0.0,0.0,0.0,0.0,0.0,1.0,0.0,0.0,0.0,2.0794415416798357,3.7376696182833684,0.0,0.0,0.0,0.0,0.0,0.0
https://gloswielkopolski.pl,0,27.0,19.0,2.0,0.0,0.0,0.0,0.0,0.0,18.0,0.6666666666666666,0.0,0.0,0.0,0.0,0.0,0.0,0.0,1.0,0.0,0.0,0.0,0.6931471805599453,8.560061091643414,0.0,0.6931471805599453,0.6931471805599453,0.0,0.0,0.0
https://netzwertig.com,0,22.0,14.0,3.0,0.0,0.0,0.0,0.0,0.0,13.0,0.5909090909090909,0.0,0.0,0.0,0.0,0.0,0.0,0.0,1.0,0.0,0.0,0.0,8.236155661683124,7.932003152361385,3.784189633918261,1.3862943611198906,2.8903717578961645,4.605170185988092,0.6931471805599453,5.017279836814924
https://aok.de,0,14.0,6.0,2.0,0.0,0.0,0.0,0.0,0.0,5.0,0.35714285714285715,0.0,0.0,0.0,0.0,0.0,0.0,0.0,1.0,0.0,0.0,0.0,6.741700694652055,12.604335210822123,2.70805020110221,0.6931471805599453,2.4849066497880004,5.049856007249537,0.0,2.0794415416798357
https://iza.ne.jp,0,17.0,9.0,5.0,0.0,0.0,0.0,0.0,0.0,7.0,0.4117647058823529,0.0,0.0,0.0,0.0,0.0,0.0,0.0,1.0,0.0,0.0,0.0,6.376726947898627,12.097044300491385,4.248495242049359,1.3862943611198906,3.871201010907891,5.365976015021851,0.0,3.1780538303479458
https://robtex.com,0,18.0,10.0,3.0,0.0,0.0,0.0,0.0,0.0,9.0,0.5,0.0,0.0,0.0,0.0,0.0,0.0,0.0,1.0,0.0,0.0,0.0,4.23410650459726,10.349198489212819,0.6931471805599453,1.0986122886681098,2.302585092994046,3.912023005428146,0.0,1.9459101490553132
https://hostway.com,0,19.0,11.0,3.0,0.0,0.0,0.0,0.0,0.0,10.0,0.5263157894736842,0.0,0.0,0.0,0.0,0.0,0.0,0.0,1.0,0.0,0.0,0.0,8.029432840581244,9.086249986745132,2.3978952727983707,2.9444389791664403,1.9459101490553132,4.30406509320417,0.0,0.0
https://ar-wp.com,0,17.0,9.0,3.0,0.0,0.0,0.0,0.0,0.0,7.0,0.4117647058823529,0.0,0.0,0.0,0.0,0.0,1.0,0.058823529411764705,1.0,0.0,0.0,0.0,6.85751406254539,9.088963385809583,2.70805020110221,2.6390573296152584,3.1780538303479458,3.9318256327243257,2.302585092994046,0.0
https://phpmyadmin.net,0,22.0,14.0,3.0,0.0,0.0,0.0,0.0,0.0,13.0,0.5909090909090909,0.0,0.0,0.0,0.0,0.0,0.0,0.0,1.0,0.0,0.0,0.0,6.709304340258298,6.48768401848461,3.295836866004329,0.6931471805599453,1.0986122886681098,3.6375861597263857,1.0986122886681098,3.6888794541139363
https://chanjet.com,0,19.0,11.0,3.0,0.0,0.0,0.0,0.0,0.0,10.0,0.5263157894736842,0.0,0.0,0.0,0.0,0.0,0.0,0.0,1.0,0.0,0.0,0.0,5.278114659230517,11.294495785882239,3.7612001156935624,1.6094379124341003,2.302585092994046,4.442651256490317,0.0,2.995732273553991
https://journaldequebec.com,0,27.0,19.0,3.0,0.0,0.0,0.0,0.0,0.0,18.0,0.6666666666666666,0.0,0.0,0.0,0.0,0.0,0.0,0.0,1.0,0.0,0.0,0.0,2.3978952727983707,4.727387818712341,0.0,0.0,0.0,0.0,0.0,0.0
https://tripadvisor.com.tw,0,26.0,18.0,6.0,0.0,0.0,0.0,0.0,0.0,16.0,0.6153846153846154,0.0,0.0,0.0,0.0,0.0,0.0,0.0,1.0,0.0,0.0,0.0,0.6931471805599453,6.658011045870748,0.0,0.6931471805599453,1.0986122886681098,0.0,0.0,0.0
https://sharpnews.ru,0,20.0,12.0,2.0,0.0,0.0,0.0,0.0,0.0,11.0,0.55,0.0,0.0,0.0,0.0,0.0,0.0,0.0,1.0,0.0,0.0,0.0,6.782192056006791,10.767452878631598,0.6931471805599453,3.258096538021482,3.784189633918261,3.6375861597263857,3.044522437723423,0.6931471805599453
https://umkc.edu,0,16.0,8.0,3.0,0.0,0.0,0.0,0.0,0.0,7.0,0.4375,0.0,0.0,0.0,0.0,0.0,0.0,0.0,1.0,0.0,0.0,0.0,6.976348070447749,8.261268150577648,1.9459101490553132,1.0986122886681098,2.1972245773362196,4.127134385045092,0.0,2.70805020110221
https://filson.com,0,18.0,10.0,3.0,0.0,0.0,0.0,0.0,0.0,9.0,0.5,0.0,0.0,0.0,0.0,0.0,0.0,0.0,1.0,0.0,0.0,0.0,9.365975663507632,9.92583595619989,4.990432586778736,3.912023005428146,4.30406509320417,5.572154032177765,1.0986122886681098,1.6094379124341003
https://3doyunlar.net,0,21.0,13.0,3.0,0.0,0.0,0.0,0.0,0.0,11.0,0.5238095238095238,1.0,0.047619047619047616,0.0,0.0,0.0,0.0,0.0,1.0,0.0,0.0,0.0,4.553876891600541,8.635331719433278,2.6390573296152584,0.0,2.1972245773362196,4.5217885770490405,0.0,0.0
https://playfuly.com,0,20.0,12.0,3.0,0.0,0.0,0.0,0.0,0.0,11.0,0.55,0.0,0.0,0.0,0.0,0.0,0.0,0.0,1.0,0.0,0.0,0.0,6.677083461247136,6.839476438228843,2.8903717578961645,2.302585092994046,2.8903717578961645,1.791759469228055,1.791759469228055,3.970291913552122
https://macpaw.com,0,18.0,10.0,3.0,0.0,0.0,0.0,0.0,0.0,9.0,0.5,0.0,0.0,0.0,0.0,0.0,0.0,0.0,1.0,0.0,0.0,0.0,7.912423121473705,8.242229891372231,3.8918202981106265,1.0986122886681098,2.4849066497880004,4.574710978503383,0.6931471805599453,3.1354942159291497
https://educations.com,0,22.0,14.0,3.0,0.0,0.0,0.0,0.0,0.0,13.0,0.5909090909090909,0.0,0.0,0.0,0.0,0.0,0.0,0.0,1.0,0.0,0.0,0.0,3.044522437723423,12.747562285806072,4.04305126783455,4.3694478524670215,3.044522437723423,5.3230099791384085,0.0,2.5649493574615367
https://guiainfantil.com,0,24.0,16.0,3.0,0.0,0.0,0.0,0.0,0.0,15.0,0.625,0.0,0.0,0.0,0.0,0.0,0.0,0.0,1.0,0.0,0.0,0.0,7.541683099882111,11.739263907180957,3.6109179126442243,0.6931471805599453,2.0794415416798357,5.6240175061873385,0.0,2.302585092994046
https://100zakladok.ru,0,22.0,14.0,2.0,0.0,0.0,0.0,0.0,0.0,10.0,0.45454545454545453,3.0,0.13636363636363635,0.0,0.0,0.0,0.0,0.0,1.0,0.0,0.0,0.0,6.021023349349527,6.851184927493743,1.0986122886681098,1.0986122886681098,1.3862943611198906,4.709530201312334,0.0,1.3862943611198906
https://serversfree.com,0,23.0,15.0,3.0,0.0,0.0,0.0,0.0,0.0,14.0,0.6086956521739131,0.0,0.0,0.0,0.0,0.0,0.0,0.0,1.0,0.0,0.0,0.0,6.376726947898627,9.086249986745132,0.0,2.4849066497880004,2.772588722239781,4.762173934797756,0.6931471805599453,0.6931471805599453
https://onmasr.com,0,18.0,10.0,3.0,0.0,0.0,0.0,0.0,0.0,9.0,0.5,0.0,0.0,0.0,0.0,0.0,0.0,0.0,1.0,0.0,0.0,0.0,4.51085950651685,6.831953565565855,0.0,1.0986122886681098,1.6094379124341003,0.0,0.0,0.6931471805599453
https://freepik.es,0,18.0,10.0,2.0,0.0,0.0,0.0,0.0,0.0,9.0,0.5,0.0,0.0,0.0,0.0,0.0,0.0,0.0,1.0,0.0,0.0,0.0,4.406719247264253,13.554896161584203,3.912023005428146,1.791759469228055,3.5263605246161616,4.31748811353631,0.0,4.2626798770413155
https://brandbacker.com,0,23.0,15.0,3.0,0.0,0.0,0.0,0.0,0.0,14.0,0.6086956521739131,0.0,0.0,0.0,0.0,0.0,0.0,0.0,1.0,0.0,0.0,0.0,6.455198563340122,5.389071729816501,3.4339872044851463,1.791759469228055,2.4849066497880004,2.0794415416798357,0.0,0.0
https://assimsefaz.com.br,0,25.0,17.0,6.0,0.0,0.0,0.0,0.0,0.0,15.0,0.6,0.0,0.0,0.0,0.0,0.0,0.0,0.0,1.0,0.0,0.0,0.0,0.6931471805599453,4.90527477843843,0.0,0.0,0.0,0.0,0.0,0.0
https://ku63.com,0,16.0,8.0,3.0,0.0,0.0,0.0,0.0,0.0,5.0,0.3125,2.0,0.125,0.0,0.0,0.0,0.0,0.0,1.0,0.0,0.0,0.0,0.6931471805599453,4.74493212836325,0.0,0.0,0.6931471805599453,0.0,0.0,0.0
https://mister-auto.com,0,23.0,15.0,3.0,0.0,0.0,0.0,0.0,0.0,13.0,0.5652173913043478,0.0,0.0,0.0,0.0,0.0,1.0,0.043478260869565216,1.0,0.0,0.0,0.0,0.6931471805599453,8.595449689382004,0.0,0.6931471805599453,0.6931471805599453,0.0,0.0,0.0
https://chnlove.com,0,19.0,11.0,3.0,0.0,0.0,0.0,0.0,0.0,10.0,0.5263157894736842,0.0,0.0,0.0,0.0,0.0,0.0,0.0,1.0,0.0,0.0,0.0,6.52649485957079,7.947325027016463,3.332204510175204,1.9459101490553132,2.5649493574615367,3.784189633918261,0.0,2.302585092994046
https://bravoerotica.com,0,24.0,16.0,3.0,0.0,0.0,0.0,0.0,0.0,15.0,0.625,0.0,0.0,0.0,0.0,0.0,0.0,0.0,1.0,0.0,0.0,0.0,6.306275286948016,9.578103612900335,5.501258210544727,1.0986122886681098,2.995732273553991,6.129050210060545,0.0,3.4965075614664802
https://hawkhost.com,0,20.0,12.0,3.0,0.0,0.0,0.0,0.0,0.0,11.0,0.55,0.0,0.0,0.0,0.0,0.0,0.0,0.0,1.0,0.0,0.0,0.0,3.9512437185814275,7.99799931797973,3.5263605246161616,0.6931471805599453,1.9459101490553132,4.634728988229636,1.791759469228055,1.0986122886681098
https://indimusic.tv,0,20.0,12.0,2.0,0.0,0.0,0.0,0.0,0.0,11.0,0.55,0.0,0.0,0.0,0.0,0.0,0.0,0.0,1.0,0.0,0.0,0.0,8.786456678344,7.452402451223638,3.6888794541139363,3.1354942159291497,3.4965075614664802,5.117993812416755,0.0,1.791759469228055
https://metafilter.com,0,22.0,14.0,3.0,0.0,0.0,0.0,0.0,0.0,13.0,0.5909090909090909,0.0,0.0,0.0,0.0,0.0,0.0,0.0,1.0,0.0,0.0,0.0,0.6931471805599453,8.588024372176829,0.0,0.6931471805599453,0.6931471805599453,0.0,0.0,0.0
https://sofoot.com,0,18.0,10.0,3.0,0.0,0.0,0.0,0.0,0.0,9.0,0.5,0.0,0.0,0.0,0.0,0.0,0.0,0.0,1.0,0.0,0.0,0.0,9.75080246487048,9.997615215260826,6.507277712385012,1.9459101490553132,3.258096538021482,5.886104031450156,2.302585092994046,4.356708826689592
https://mofos.com,0,17.0,9.0,3.0,0.0,0.0,0.0,0.0,0.0,8.0,0.47058823529411764,0.0,0.0,0.0,0.0,0.0,0.0,0.0,1.0,0.0,0.0,0.0,6.137727054086234,13.67373729423775,2.302585092994046,1.791759469228055,3.258096538021482,3.4965075614664802,0.0,1.791759469228055
https://nerve.com,0,17.0,9.0,3.0,0.0,0.0,0.0,0.0,0.0,8.0,0.47058823529411764,0.0,0.0,0.0,0.0,0.0,0.0,0.0,1.0,0.0,0.0,0.0,3.871201010907891,5.472270673671475,0.6931471805599453,0.6931471805599453,0.0,0.0,0.0,0.6931471805599453
https://kingoloto.com,0,21.0,13.0,3.0,0.0,0.0,0.0,0.0,0.0,12.0,0.5714285714285714,0.0,0.0,0.0,0.0,0.0,0.0,0.0,1.0,0.0,0.0,0.0,8.101980731853192,8.010027528481734,4.356708826689592,1.3862943611198906,3.871201010907891,3.6888794541139363,1.0986122886681098,4.897839799950911
https://alquds.co.uk,0,20.0,12.0,5.0,0.0,0.0,0.0,0.0,0.0,10.0,0.5,0.0,0.0,0.0,0.0,0.0,0.0,0.0,1.0,0.0,0.0,0.0,4.51085950651685,5.983936280687191,0.0,1.0986122886681098,1.3862943611198906,0.0,0.0,0.6931471805599453
https://virtualdj.com,0,21.0,13.0,3.0,0.0,0.0,0.0,0.0,0.0,12.0,0.5714285714285714,0.0,0.0,0.0,0.0,0.0,0.0,0.0,1.0,0.0,0.0,0.0,6.943122422819428,7.762596048540069,3.784189633918261,2.1972245773362196,2.772588722239781,4.941642422609304,0.0,1.6094379124341003
https://anime-ultime.net,0,24.0,16.0,3.0,0.0,0.0,0.0,0.0,0.0,14.0,0.5833333333333334,0.0,0.0,0.0,0.0,0.0,1.0,0.041666666666666664,1.0,0.0,0.0,0.0,2.0794415416798357,3.7376696182833684,0.0,0.0,0.0,0.0,0.0,0.0
https://teothemes.com,0,21.0,13.0,3.0,0.0,0.0,0.0,0.0,0.0,12.0,0.5714285714285714,0.0,0.0,0.0,0.0,0.0,0.0,0.0,1.0,0.0,0.0,0.0,7.035268599281097,9.088963385809583,2.4849066497880004,2.1972245773362196,3.1780538303479458,4.382026634673881,0.0,2.9444389791664403
https://123employee.com,0,23.0,15.0,3.0,0.0,0.0,0.0,0.0,0.0,11.0,0.4782608695652174,3.0,0.13043478260869565,0.0,0.0,0.0,0.0,0.0,1.0,0.0,0.0,0.0,4.718498871295094,8.570733958344267,0.0,1.0986122886681098,0.6931471805599453,0.0,1.0986122886681098,1.0986122886681098
https://aviasales.ru,0,20.0,12.0,2.0,0.0,0.0,0.0,0.0,0.0,11.0,0.55,0.0,0.0,0.0,0.0,0.0,0.0,0.0,1.0,0.0,0.0,0.0,6.315358001522335,12.857988893799543,1.791759469228055,0.6931471805599453,4.624972813284271,5.375278407684165,0.0,2.8903717578961645
https://itb.ac.id,0,17.0,9.0,5.0,0.0,0.0,0.0,0.0,0.0,7.0,0.4117647058823529,0.0,0.0,0.0,0.0,0.0,0.0,0.0,1.0,0.0,0.0,0.0,7.519149957669823,6.785587645007929,3.5263605246161616,1.791759469228055,2.6390573296152584,5.111987788356544,0.6931471805599453,1.9459101490553132
https://sakshieducation.com,0,27.0,19.0,3.0,0.0,0.0,0.0,0.0,0.0,18.0,0.6666666666666666,0.0,0.0,0.0,0.0,0.0,0.0,0.0,1.0,0.0,0.0,0.0,8.146709052203319,6.968850378341948,4.564348191467836,2.3978952727983707,3.6888794541139363,5.676753802268282,0.0,4.143134726391533
https://charitywater.org,0,24.0,16.0,3.0,0.0,0.0,0.0,0.0,0.0,15.0,0.625,0.0,0.0,0.0,0.0,0.0,0.0,0.0,1.0,0.0,0.0,0.0,6.331501849893691,10.994806643710096,3.258096538021482,4.897839799950911,2.3978952727983707,3.9318256327243257,0.0,2.5649493574615367
https://openssl.org,0,19.0,11.0,3.0,0.0,0.0,0.0,0.0,0.0,10.0,0.5263157894736842,0.0,0.0,0.0,0.0,0.0,0.0,0.0,1.0,0.0,0.0,0.0,5.327876168789581,5.384495062789089,1.3862943611198906,1.6094379124341003,1.0986122886681098,1.3862943611198906,0.0,2.70805020110221
https://daneshju.ir,0,19.0,11.0,2.0,0.0,0.0,0.0,0.0,0.0,10.0,0.5263157894736842,0.0,0.0,0.0,0.0,0.0,0.0,0.0,1.0,0.0,0.0,0.0,7.471363088187097,9.621124641561947,4.51085950651685,3.2188758248682006,3.6375861597263857,5.303304908059076,3.6375861597263857,1.0986122886681098
https://aad.org,0,15.0,7.0,3.0,0.0,0.0,0.0,0.0,0.0,6.0,0.4,0.0,0.0,0.0,0.0,0.0,0.0,0.0,1.0,0.0,0.0,0.0,5.521460917862246,5.942799375126701,1.3862943611198906,1.0986122886681098,1.791759469228055,2.70805020110221,0.0,1.6094379124341003
https://expeditionportal.com,0,28.0,20.0,3.0,0.0,0.0,0.0,0.0,0.0,19.0,0.6785714285714286,0.0,0.0,0.0,0.0,0.0,0.0,0.0,1.0,0.0,0.0,0.0,0.6931471805599453,8.580355766373877,0.0,0.6931471805599453,0.6931471805599453,0.0,0.0,0.0
https://futuremark.com,0,22.0,14.0,3.0,0.0,0.0,0.0,0.0,0.0,13.0,0.5909090909090909,0.0,0.0,0.0,0.0,0.0,0.0,0.0,1.0,0.0,0.0,0.0,7.088408778675395,6.408528791059498,1.9459101490553132,1.3862943611198906,3.1780538303479458,4.820281565605037,0.0,3.6109179126442243
https://nichegalz.com,0,21.0,13.0,3.0,0.0,0.0,0.0,0.0,0.0,12.0,0.5714285714285714,0.0,0.0,0.0,0.0,0.0,0.0,0.0,1.0,0.0,0.0,0.0,0.6931471805599453,4.74493212836325,0.0,0.0,0.6931471805599453,0.0,0.0,0.0
https://vendhq.com,0,18.0,10.0,3.0,0.0,0.0,0.0,0.0,0.0,9.0,0.5,0.0,0.0,0.0,0.0,0.0,0.0,0.0,1.0,0.0,0.0,0.0,5.697093486505405,11.63745016887127,2.833213344056216,2.302585092994046,3.4011973816621555,2.995732273553991,1.9459101490553132,5.655991810819852
https://manualdomundo.com.br,0,28.0,20.0,6.0,0.0,0.0,0.0,0.0,0.0,18.0,0.6428571428571429,0.0,0.0,0.0,0.0,0.0,0.0,0.0,1.0,0.0,0.0,0.0,0.6931471805599453,8.580355766373877,0.0,0.6931471805599453,0.6931471805599453,0.0,0.0,0.0
https://mypremiercreditcard.com,0,31.0,23.0,3.0,0.0,0.0,0.0,0.0,0.0,22.0,0.7096774193548387,0.0,0.0,0.0,0.0,0.0,0.0,0.0,1.0,0.0,0.0,0.0,7.403670290012373,5.666426688112432,3.5553480614894135,2.0794415416798357,2.70805020110221,3.6635616461296463,0.6931471805599453,3.332204510175204
https://jamieoliver.com,0,23.0,15.0,3.0,0.0,0.0,0.0,0.0,0.0,14.0,0.6086956521739131,0.0,0.0,0.0,0.0,0.0,0.0,0.0,1.0,0.0,0.0,0.0,5.293304824724492,13.069694400357047,4.700480365792417,2.302585092994046,2.833213344056216,5.676753802268282,0.0,3.4965075614664802
https://sexiba.com,0,18.0,10.0,3.0,0.0,0.0,0.0,0.0,0.0,9.0,0.5,0.0,0.0,0.0,0.0,0.0,0.0,0.0,1.0,0.0,0.0,0.0,4.442651256490317,11.708163247030729,0.0,1.0986122886681098,1.9459101490553132,0.0,0.0,0.0
https://kelkoo.com,0,18.0,10.0,3.0,0.0,0.0,0.0,0.0,0.0,9.0,0.5,0.0,0.0,0.0,0.0,0.0,0.0,0.0,1.0,0.0,0.0,0.0,0.6931471805599453,6.650279048587422,0.0,0.6931471805599453,1.0986122886681098,0.0,0.0,0.0
https://pulzo.com,0,17.0,9.0,3.0,0.0,0.0,0.0,0.0,0.0,8.0,0.47058823529411764,0.0,0.0,0.0,0.0,0.0,0.0,0.0,1.0,0.0,0.0,0.0,8.32093496888341,7.787796878181171,5.4638318050256105,1.3862943611198906,3.1780538303479458,5.8888779583328805,0.0,3.2188758248682006
https://1und1.de,0,16.0,8.0,2.0,0.0,0.0,0.0,0.0,0.0,5.0,0.3125,2.0,0.125,0.0,0.0,0.0,0.0,0.0,1.0,0.0,0.0,0.0,6.625392368007956,10.832911662800246,4.890349128221754,3.784189633918261,4.477336814478207,5.673323267171493,3.8066624897703196,4.2626798770413155
https://springer.com,0,20.0,12.0,3.0,0.0,0.0,0.0,0.0,0.0,11.0,0.55,0.0,0.0,0.0,0.0,0.0,0.0,0.0,1.0,0.0,0.0,0.0,8.260492856573185,11.369701536831892,3.258096538021482,1.3862943611198906,2.1972245773362196,4.875197323201151,0.0,3.4657359027997265
https://ibhejo.com,0,18.0,10.0,3.0,0.0,0.0,0.0,0.0,0.0,9.0,0.5,0.0,0.0,0.0,0.0,0.0,0.0,0.0,1.0,0.0,0.0,0.0,1.9459101490553132,3.7376696182833684,0.0,0.0,0.0,0.0,0.0,0.0
https://funnelkit.com,0,21.0,13.0,3.0,0.0,0.0,0.0,0.0,0.0,12.0,0.5714285714285714,0.0,0.0,0.0,0.0,0.0,0.0,0.0,1.0,0.0,0.0,0.0,6.244166900663736,11.105648716832796,5.60947179518496,2.995732273553991,3.044522437723423,4.543294782270004,0.0,2.0794415416798357
https://postila.ru,0,18.0,10.0,2.0,0.0,0.0,0.0,0.0,0.0,9.0,0.5,0.0,0.0,0.0,0.0,0.0,0.0,0.0,1.0,0.0,0.0,0.0,0.6931471805599453,7.3796321526095525,0.6931471805599453,0.6931471805599453,0.6931471805599453,0.0,0.0,0.0
https://ne21.com,0,16.0,8.0,3.0,0.0,0.0,0.0,0.0,0.0,5.0,0.3125,2.0,0.125,0.0,0.0,0.0,0.0,0.0,1.0,0.0,0.0,0.0,6.79346613258001,7.519692404116539,4.48863636973214,1.3862943611198906,2.9444389791664403,5.560681631015528,0.0,2.70805020110221
https://lordsofpain.net,0,23.0,15.0,3.0,0.0,0.0,0.0,0.0,0.0,14.0,0.6086956521739131,0.0,0.0,0.0,0.0,0.0,0.0,0.0,1.0,0.0,0.0,0.0,7.302496423727326,10.381552353058636,3.6109179126442243,3.1780538303479458,3.6888794541139363,0.6931471805599453,2.1972245773362196,5.484796933490655
https://amaebi.net,0,18.0,10.0,3.0,0.0,0.0,0.0,0.0,0.0,9.0,0.5,0.0,0.0,0.0,0.0,0.0,0.0,0.0,1.0,0.0,0.0,0.0,3.58351893845611,4.927253685157205,0.0,0.6931471805599453,1.0986122886681098,0.6931471805599453,0.0,0.0
https://alterinfo.net,0,21.0,13.0,3.0,0.0,0.0,0.0,0.0,0.0,12.0,0.5714285714285714,0.0,0.0,0.0,0.0,0.0,0.0,0.0,1.0,0.0,0.0,0.0,0.6931471805599453,4.74493212836325,0.0,0.0,0.6931471805599453,0.0,0.0,0.0
https://bengalinews24.com,0,25.0,17.0,3.0,0.0,0.0,0.0,0.0,0.0,14.0,0.56,2.0,0.08,0.0,0.0,0.0,0.0,0.0,1.0,0.0,0.0,0.0,3.367295829986474,4.553876891600541,0.0,0.6931471805599453,0.0,0.0,0.0,0.0
https://abstractfonts.com,0,25.0,17.0,3.0,0.0,0.0,0.0,0.0,0.0,16.0,0.64,0.0,0.0,0.0,0.0,0.0,0.0,0.0,1.0,0.0,0.0,0.0,3.9512437185814275,10.380125376764875,4.127134385045092,1.3862943611198906,2.6390573296152584,5.872117789475416,1.3862943611198906,0.6931471805599453
https://formula1.com,0,20.0,12.0,3.0,0.0,0.0,0.0,0.0,0.0,10.0,0.5,1.0,0.05,0.0,0.0,0.0,0.0,0.0,1.0,0.0,0.0,0.0,3.713572066704308,13.284931105711422,4.836281906951478,1.6094379124341003,4.02535169073515,4.804021044733257,0.0,3.7612001156935624
https://chosunonline.com,0,24.0,16.0,3.0,0.0,0.0,0.0,0.0,0.0,15.0,0.625,0.0,0.0,0.0,0.0,0.0,0.0,0.0,1.0,0.0,0.0,0.0,6.738152494595957,6.486160788944089,3.6375861597263857,1.3862943611198906,3.258096538021482,4.709530201312334,0.0,0.0
https://familytreedna.com,0,25.0,17.0,3.0,0.0,0.0,0.0,0.0,0.0,16.0,0.64,0.0,0.0,0.0,0.0,0.0,0.0,0.0,1.0,0.0,0.0,0.0,5.883322388488279,11.746739879570963,2.772588722239781,4.007333185232471,4.330733340286331,3.4011973816621555,0.0,0.0
https://znoo.net,0,16.0,8.0,3.0,0.0,0.0,0.0,0.0,0.0,7.0,0.4375,0.0,0.0,0.0,0.0,0.0,0.0,0.0,1.0,0.0,0.0,0.0,6.720220155135295,5.929589143389895,2.70805020110221,0.6931471805599453,2.0794415416798357,2.8903717578961645,1.3862943611198906,0.0
https://bjoerntantau.com,0,24.0,16.0,3.0,0.0,0.0,0.0,0.0,0.0,15.0,0.625,0.0,0.0,0.0,0.0,0.0,0.0,0.0,1.0,0.0,0.0,0.0,7.670428522190693,9.310728546007452,2.8903717578961645,3.6635616461296463,3.9318256327243257,4.3694478524670215,3.258096538021482,2.70805020110221
https://bookmax.net,0,19.0,11.0,3.0,0.0,0.0,0.0,0.0,0.0,10.0,0.5263157894736842,0.0,0.0,0.0,0.0,0.0,0.0,0.0,1.0,0.0,0.0,0.0,5.662960480135946,5.342334251964811,1.791759469228055,1.791759469228055,1.9459101490553132,3.4657359027997265,0.0,0.6931471805599453
https://sedo.de,0,15.0,7.0,2.0,0.0,0.0,0.0,0.0,0.0,6.0,0.4,0.0,0.0,0.0,0.0,0.0,0.0,0.0,1.0,0.0,0.0,0.0,6.726233402358747,7.908754738783246,1.791759469228055,1.0986122886681098,2.4849066497880004,3.332204510175204,0.0,1.6094379124341003
https://goodui.org,0,18.0,10.0,3.0,0.0,0.0,0.0,0.0,0.0,9.0,0.5,0.0,0.0,0.0,0.0,0.0,0.0,0.0,1.0,0.0,0.0,0.0,8.403800504061147,10.157703323404748,4.74493212836325,1.3862943611198906,2.70805020110221,5.10594547390058,0.6931471805599453,4.74493212836325
https://mitsubishielectric.co.jp,0,32.0,24.0,5.0,0.0,0.0,0.0,0.0,0.0,22.0,0.6875,0.0,0.0,0.0,0.0,0.0,0.0,0.0,1.0,0.0,0.0,0.0,7.5310163320779155,6.777646593635117,2.995732273553991,2.6390573296152584,2.9444389791664403,4.060443010546419,2.3978952727983707,4.219507705176107
https://findpdf.net,0,19.0,11.0,3.0,0.0,0.0,0.0,0.0,0.0,10.0,0.5263157894736842,0.0,0.0,0.0,0.0,0.0,0.0,0.0,1.0,0.0,0.0,0.0,0.6931471805599453,8.439447842791385,0.0,0.0,0.6931471805599453,0.0,0.0,0.0
https://wigflip.com,0,19.0,11.0,3.0,0.0,0.0,0.0,0.0,0.0,10.0,0.5263157894736842,0.0,0.0,0.0,0.0,0.0,0.0,0.0,1.0,0.0,0.0,0.0,5.198497031265826,11.079276908387776,0.0,1.3862943611198906,1.0986122886681098,0.0,0.0,0.0
https://idealo.fr,0,17.0,9.0,2.0,0.0,0.0,0.0,0.0,0.0,8.0,0.47058823529411764,0.0,0.0,0.0,0.0,0.0,0.0,0.0,1.0,0.0,0.0,0.0,7.181591944611865,13.300086042153255,4.51085950651685,1.6094379124341003,3.295836866004329,5.846438775057725,0.0,0.0
https://salomon.com,0,19.0,11.0,3.0,0.0,0.0,0.0,0.0,0.0,10.0,0.5263157894736842,0.0,0.0,0.0,0.0,0.0,0.0,0.0,1.0,0.0,0.0,0.0,4.343805421853684,7.576097340623111,0.0,0.0,0.6931471805599453,0.0,0.0,0.0
https://macstories.net,0,22.0,14.0,3.0,0.0,0.0,0.0,0.0,0.0,13.0,0.5909090909090909,0.0,0.0,0.0,0.0,0.0,0.0,0.0,1.0,0.0,0.0,0.0,6.883462586413092,9.086249986745132,2.70805020110221,1.9459101490553132,2.833213344056216,4.59511985013459,1.3862943611198906,3.091042453358316
https://posirank.com,0,20.0,12.0,3.0,0.0,0.0,0.0,0.0,0.0,11.0,0.55,0.0,0.0,0.0,0.0,0.0,0.0,0.0,1.0,0.0,0.0,0.0,0.6931471805599453,10.378043305129086,3.784189633918261,1.9459101490553132,2.5649493574615367,4.143134726391533,1.791759469228055,1.9459101490553132
https://shorturl.com,0,20.0,12.0,3.0,0.0,0.0,0.0,0.0,0.0,11.0,0.55,0.0,0.0,0.0,0.0,0.0,0.0,0.0,1.0,0.0,0.0,0.0,6.329720905522696,6.775366090936392,3.4011973816621555,0.6931471805599453,1.3862943611198906,2.833213344056216,0.0,0.6931471805599453
https://chuckecheese.com,0,24.0,16.0,3.0,0.0,0.0,0.0,0.0,0.0,15.0,0.625,0.0,0.0,0.0,0.0,0.0,0.0,0.0,1.0,0.0,0.0,0.0,7.883069351305753,10.530494930591528,3.4657359027997265,3.258096538021482,3.7376696182833684,4.465908118654584,1.0986122886681098,2.3978952727983707
https://freedownloadmanager.org,0,31.0,23.0,3.0,0.0,0.0,0.0,0.0,0.0,22.0,0.7096774193548387,0.0,0.0,0.0,0.0,0.0,0.0,0.0,1.0,0.0,0.0,0.0,6.62273632394984,9.903487552536127,1.0986122886681098,1.0986122886681098,2.1972245773362196,4.382026634673881,0.0,1.0986122886681098
https://pokerstars.eu,0,21.0,13.0,2.0,0.0,0.0,0.0,0.0,0.0,12.0,0.5714285714285714,0.0,0.0,0.0,0.0,0.0,0.0,0.0,1.0,0.0,0.0,0.0,3.7612001156935624,13.504087553264029,3.8066624897703196,2.3978952727983707,2.995732273553991,4.68213122712422,0.6931471805599453,3.1780538303479458
https://yoga-altay.ru,0,21.0,13.0,2.0,0.0,0.0,0.0,0.0,0.0,11.0,0.5238095238095238,0.0,0.0,0.0,0.0,0.0,1.0,0.047619047619047616,1.0,0.0,0.0,0.0,7.524021415206125,10.325088442553696,4.204692619390966,4.0943445622221,3.4657359027997265,5.545177444479562,3.8066624897703196,1.3862943611198906
https://liveyourtruth.com,0,25.0,17.0,3.0,0.0,0.0,0.0,0.0,0.0,16.0,0.64,0.0,0.0,0.0,0.0,0.0,0.0,0.0,1.0,0.0,0.0,0.0,9.522153924002891,9.329011901693681,3.6635616461296463,3.4657359027997265,3.912023005428146,4.74493212836325,5.953243334287785,3.044522437723423
https://jpmorganchase.com,0,25.0,17.0,3.0,0.0,0.0,0.0,0.0,0.0,16.0,0.64,0.0,0.0,0.0,0.0,0.0,0.0,0.0,1.0,0.0,0.0,0.0,8.459352191726387,8.360305435879093,2.833213344056216,1.0986122886681098,2.772588722239781,4.532599493153256,0.6931471805599453,2.5649493574615367
https://pornstargalore.com,0,26.0,18.0,3.0,0.0,0.0,0.0,0.0,0.0,17.0,0.6538461538461539,0.0,0.0,0.0,0.0,0.0,0.0,0.0,1.0,0.0,0.0,0.0,8.286521373681236,9.786897554926753,4.844187086458591,0.6931471805599453,1.3862943611198906,6.740519359606223,1.791759469228055,2.8903717578961645
https://techjoomla.com,0,22.0,14.0,3.0,0.0,0.0,0.0,0.0,0.0,13.0,0.5909090909090909,0.0,0.0,0.0,0.0,0.0,0.0,0.0,1.0,0.0,0.0,0.0,7.061334366910438,9.690912952571152,2.9444389791664403,2.6390573296152584,2.995732273553991,4.948759890378168,0.6931471805599453,2.3978952727983707
https://investec.com,0,20.0,12.0,3.0,0.0,0.0,0.0,0.0,0.0,11.0,0.55,0.0,0.0,0.0,0.0,0.0,0.0,0.0,1.0,0.0,0.0,0.0,0.6931471805599453,8.58110651715989,0.0,0.6931471805599453,0.6931471805599453,0.0,0.0,0.0
https://qiyas.sa,0,16.0,8.0,2.0,0.0,0.0,0.0,0.0,0.0,7.0,0.4375,0.0,0.0,0.0,0.0,0.0,0.0,0.0,1.0,0.0,0.0,0.0,6.5998704992128365,11.108514800740668,1.6094379124341003,3.258096538021482,2.772588722239781,3.5553480614894135,0.0,0.0
https://up.pt,0,13.0,5.0,2.0,0.0,0.0,0.0,0.0,0.0,4.0,0.3076923076923077,0.0,0.0,0.0,0.0,0.0,0.0,0.0,1.0,0.0,0.0,0.0,8.625688787569537,7.575071699507561,2.833213344056216,4.204692619390966,2.8903717578961645,6.037870919922137,4.634728988229636,2.9444389791664403
https://wptouch.com,0,19.0,11.0,3.0,0.0,0.0,0.0,0.0,0.0,10.0,0.5263157894736842,0.0,0.0,0.0,0.0,0.0,0.0,0.0,1.0,0.0,0.0,0.0,7.1631723908466425,9.088963385809583,2.70805020110221,2.995732273553991,3.912023005428146,4.276666119016055,0.6931471805599453,0.0
https://dobreprogramy.pl,0,24.0,16.0,2.0,0.0,0.0,0.0,0.0,0.0,15.0,0.625,0.0,0.0,0.0,0.0,0.0,0.0,0.0,1.0,0.0,0.0,0.0,5.236441962829949,10.904615633245662,3.258096538021482,2.8903717578961645,3.2188758248682006,4.553876891600541,0.0,2.302585092994046
https://logoption.com,0,21.0,13.0,3.0,0.0,0.0,0.0,0.0,0.0,12.0,0.5714285714285714,0.0,0.0,0.0,0.0,0.0,0.0,0.0,1.0,0.0,0.0,0.0,3.58351893845611,4.948759890378168,0.0,0.6931471805599453,1.0986122886681098,0.6931471805599453,0.0,0.0
https://webrazzi.com,0,20.0,12.0,3.0,0.0,0.0,0.0,0.0,0.0,11.0,0.55,0.0,0.0,0.0,0.0,0.0,0.0,0.0,1.0,0.0,0.0,0.0,7.737616282857904,7.926602599181384,4.143134726391533,1.0986122886681098,3.295836866004329,5.634789603169249,1.9459101490553132,2.70805020110221
https://unitymedia.de,0,21.0,13.0,2.0,0.0,0.0,0.0,0.0,0.0,12.0,0.5714285714285714,0.0,0.0,0.0,0.0,0.0,0.0,0.0,1.0,0.0,0.0,0.0,0.6931471805599453,10.455416731180536,2.6390573296152584,0.6931471805599453,1.0986122886681098,0.0,0.0,3.8066624897703196
https://digitalcameraworld.com,0,30.0,22.0,3.0,0.0,0.0,0.0,0.0,0.0,21.0,0.7,0.0,0.0,0.0,0.0,0.0,0.0,0.0,1.0,0.0,0.0,0.0,8.224967478914584,11.812274216289058,4.290459441148391,2.995732273553991,4.248495242049359,4.59511985013459,0.0,3.1780538303479458
https://jusbrasil.com.br,0,24.0,16.0,6.0,0.0,0.0,0.0,0.0,0.0,14.0,0.5833333333333334,0.0,0.0,0.0,0.0,0.0,0.0,0.0,1.0,0.0,0.0,0.0,4.709530201312334,9.42867236629317,0.6931471805599453,1.0986122886681098,1.0986122886681098,0.6931471805599453,0.0,0.6931471805599453
https://abc.es,0,14.0,6.0,2.0,0.0,0.0,0.0,0.0,0.0,5.0,0.35714285714285715,0.0,0.0,0.0,0.0,0.0,0.0,0.0,1.0,0.0,0.0,0.0,8.287780027088433,11.402541240480666,4.31748811353631,0.6931471805599453,3.2188758248682006,5.7899601708972535,0.0,3.8918202981106265
https://911fonts.com,0,20.0,12.0,3.0,0.0,0.0,0.0,0.0,0.0,8.0,0.4,3.0,0.15,0.0,0.0,0.0,0.0,0.0,1.0,0.0,0.0,0.0,0.6931471805599453,4.74493212836325,0.0,0.0,0.6931471805599453,0.0,0.0,0.0
https://fujitv.co.jp,0,20.0,12.0,5.0,0.0,0.0,0.0,0.0,0.0,10.0,0.5,0.0,0.0,0.0,0.0,0.0,0.0,0.0,1.0,0.0,0.0,0.0,0.6931471805599453,2.5649493574615367,0.0,0.0,0.0,0.0,0.0,0.0
https://adslgate.com,0,20.0,12.0,3.0,0.0,0.0,0.0,0.0,0.0,11.0,0.55,0.0,0.0,0.0,0.0,0.0,0.0,0.0,1.0,0.0,0.0,0.0,2.772588722239781,9.24753981296529,0.6931471805599453,0.6931471805599453,0.6931471805599453,0.0,0.0,0.0
https://seriesbang.net,0,22.0,14.0,3.0,0.0,0.0,0.0,0.0,0.0,13.0,0.5909090909090909,0.0,0.0,0.0,0.0,0.0,0.0,0.0,1.0,0.0,0.0,0.0,4.007333185232471,5.313205979041787,0.0,0.0,1.9459101490553132,0.0,0.0,0.0
https://netzwelt.de,0,19.0,11.0,2.0,0.0,0.0,0.0,0.0,0.0,10.0,0.5263157894736842,0.0,0.0,0.0,0.0,0.0,0.0,0.0,1.0,0.0,0.0,0.0,5.703782474656201,11.05318894808027,4.983606621708336,1.0986122886681098,2.0794415416798357,5.75890177387728,1.6094379124341003,0.0
https://mlazna.com,0,18.0,10.0,3.0,0.0,0.0,0.0,0.0,0.0,9.0,0.5,0.0,0.0,0.0,0.0,0.0,0.0,0.0,1.0,0.0,0.0,0.0,0.6931471805599453,4.74493212836325,0.0,0.0,0.6931471805599453,0.0,0.0,0.0
https://networkadvertising.org,0,30.0,22.0,3.0,0.0,0.0,0.0,0.0,0.0,21.0,0.7,0.0,0.0,0.0,0.0,0.0,0.0,0.0,1.0,0.0,0.0,0.0,7.91862865334224,9.099408811268901,4.23410650459726,3.044522437723423,3.044522437723423,2.4849066497880004,0.0,4.624972813284271
https://tureng.com,0,18.0,10.0,3.0,0.0,0.0,0.0,0.0,0.0,9.0,0.5,0.0,0.0,0.0,0.0,0.0,0.0,0.0,1.0,0.0,0.0,0.0,0.6931471805599453,8.58653266949485,0.0,0.6931471805599453,0.6931471805599453,0.0,0.0,0.0
https://viptube.com,0,19.0,11.0,3.0,0.0,0.0,0.0,0.0,0.0,10.0,0.5263157894736842,0.0,0.0,0.0,0.0,0.0,0.0,0.0,1.0,0.0,0.0,0.0,5.389071729816501,10.937152347559921,4.454347296253507,1.6094379124341003,2.8903717578961645,5.834810737062605,0.0,0.6931471805599453
https://javlibrary.com,0,22.0,14.0,3.0,0.0,0.0,0.0,0.0,0.0,13.0,0.5909090909090909,0.0,0.0,0.0,0.0,0.0,0.0,0.0,1.0,0.0,0.0,0.0,0.6931471805599453,8.559102594493448,0.0,0.6931471805599453,0.6931471805599453,0.0,0.0,0.0
https://newone.org,0,18.0,10.0,3.0,0.0,0.0,0.0,0.0,0.0,9.0,0.5,0.0,0.0,0.0,0.0,0.0,0.0,0.0,1.0,0.0,0.0,0.0,6.495265555937008,10.130304349216633,1.791759469228055,3.367295829986474,3.4011973816621555,2.3978952727983707,0.6931471805599453,3.044522437723423
https://messynessychic.com,0,26.0,18.0,3.0,0.0,0.0,0.0,0.0,0.0,17.0,0.6538461538461539,0.0,0.0,0.0,0.0,0.0,0.0,0.0,1.0,0.0,0.0,0.0,7.70210434005105,9.086249986745132,3.332204510175204,3.8066624897703196,3.9512437185814275,4.990432586778736,1.0986122886681098,2.5649493574615367
https://zeef.com,0,16.0,8.0,3.0,0.0,0.0,0.0,0.0,0.0,7.0,0.4375,0.0,0.0,0.0,0.0,0.0,0.0,0.0,1.0,0.0,0.0,0.0,0.6931471805599453,12.804463992607475,3.784189633918261,1.0986122886681098,3.367295829986474,4.31748811353631,0.0,2.0794415416798357
https://lahiguera.net,0,21.0,13.0,3.0,0.0,0.0,0.0,0.0,0.0,12.0,0.5714285714285714,0.0,0.0,0.0,0.0,0.0,0.0,0.0,1.0,0.0,0.0,0.0,5.953243334287785,7.893572073504902,4.07753744390572,1.9459101490553132,2.5649493574615367,4.976733742420574,0.0,2.0794415416798357
https://nootheme.com,0,20.0,12.0,3.0,0.0,0.0,0.0,0.0,0.0,11.0,0.55,0.0,0.0,0.0,0.0,0.0,0.0,0.0,1.0,0.0,0.0,0.0,6.778784897685177,10.209868702420394,3.367295829986474,3.367295829986474,3.8066624897703196,5.017279836814924,2.302585092994046,3.1780538303479458
https://olx.ae,0,14.0,6.0,2.0,0.0,0.0,0.0,0.0,0.0,5.0,0.35714285714285715,0.0,0.0,0.0,0.0,0.0,0.0,0.0,1.0,0.0,0.0,0.0,0.6931471805599453,7.059617628291383,0.0,0.0,1.3862943611198906,0.0,0.0,0.0
https://modirum.com,0,19.0,11.0,3.0,0.0,0.0,0.0,0.0,0.0,10.0,0.5263157894736842,0.0,0.0,0.0,0.0,0.0,0.0,0.0,1.0,0.0,0.0,0.0,7.158513997329321,9.757015648635871,2.772588722239781,2.5649493574615367,2.833213344056216,3.1780538303479458,0.6931471805599453,2.8903717578961645
https://rhb.com.my,0,18.0,10.0,6.0,0.0,0.0,0.0,0.0,0.0,8.0,0.4444444444444444,0.0,0.0,0.0,0.0,0.0,0.0,0.0,1.0,0.0,0.0,0.0,7.707512194600341,6.684611727667927,4.30406509320417,2.4849066497880004,2.1972245773362196,5.231108616854587,0.6931471805599453,3.2188758248682006
https://piluli.ru,0,17.0,9.0,2.0,0.0,0.0,0.0,0.0,0.0,8.0,0.47058823529411764,0.0,0.0,0.0,0.0,0.0,0.0,0.0,1.0,0.0,0.0,0.0,1.3862943611198906,9.76445534384057,0.6931471805599453,0.6931471805599453,0.6931471805599453,0.0,0.0,0.0
https://bueltge.de,0,18.0,10.0,2.0,0.0,0.0,0.0,0.0,0.0,9.0,0.5,0.0,0.0,0.0,0.0,0.0,0.0,0.0,1.0,0.0,0.0,0.0,6.186208623900494,9.215029361462314,1.6094379124341003,2.772588722239781,2.772588722239781,4.406719247264253,0.0,1.791759469228055
https://mylifetime.com,0,22.0,14.0,3.0,0.0,0.0,0.0,0.0,0.0,13.0,0.5909090909090909,0.0,0.0,0.0,0.0,0.0,0.0,0.0,1.0,0.0,0.0,0.0,6.818924065275521,8.418256443556213,3.295836866004329,1.9459101490553132,3.1354942159291497,3.828641396489095,2.1972245773362196,3.6375861597263857
https://bookzz.org,0,18.0,10.0,3.0,0.0,0.0,0.0,0.0,0.0,9.0,0.5,0.0,0.0,0.0,0.0,0.0,0.0,0.0,1.0,0.0,0.0,0.0,0.6931471805599453,8.438582790834326,0.0,0.0,0.6931471805599453,0.0,0.0,0.0
https://inews.bg,0,16.0,8.0,2.0,0.0,0.0,0.0,0.0,0.0,7.0,0.4375,0.0,0.0,0.0,0.0,0.0,0.0,0.0,1.0,0.0,0.0,0.0,0.6931471805599453,8.578852571802965,0.0,0.6931471805599453,0.6931471805599453,0.0,0.0,0.0
https://kentuckyderby.com,0,25.0,17.0,3.0,0.0,0.0,0.0,0.0,0.0,16.0,0.64,0.0,0.0,0.0,0.0,0.0,0.0,0.0,1.0,0.0,0.0,0.0,7.493873886783559,12.279090738266746,3.5553480614894135,2.1972245773362196,4.04305126783455,4.736198448394496,0.0,3.5263605246161616
https://telegram.org,0,20.0,12.0,3.0,0.0,0.0,0.0,0.0,0.0,11.0,0.55,0.0,0.0,0.0,0.0,0.0,0.0,0.0,1.0,0.0,0.0,0.0,5.641907070938114,8.187855443695623,2.4849066497880004,1.0986122886681098,1.3862943611198906,4.0943445622221,0.6931471805599453,0.6931471805599453
https://runetki.com,0,19.0,11.0,3.0,0.0,0.0,0.0,0.0,0.0,10.0,0.5263157894736842,0.0,0.0,0.0,0.0,0.0,0.0,0.0,1.0,0.0,0.0,0.0,0.6931471805599453,8.582793648500186,0.0,0.6931471805599453,0.6931471805599453,0.0,0.0,0.0
https://12secondcommute.com,0,27.0,19.0,3.0,0.0,0.0,0.0,0.0,0.0,16.0,0.5925925925925926,2.0,0.07407407407407407,0.0,0.0,0.0,0.0,0.0,1.0,0.0,0.0,0.0,0.6931471805599453,8.580167990577626,0.0,0.6931471805599453,0.6931471805599453,0.0,0.0,0.0
https://couponcactus.com,0,24.0,16.0,3.0,0.0,0.0,0.0,0.0,0.0,15.0,0.625,0.0,0.0,0.0,0.0,0.0,0.0,0.0,1.0,0.0,0.0,0.0,0.6931471805599453,4.74493212836325,0.0,0.0,0.6931471805599453,0.0,0.0,0.0
https://slutroulette.com,0,24.0,16.0,3.0,0.0,0.0,0.0,0.0,0.0,15.0,0.625,0.0,0.0,0.0,0.0,0.0,0.0,0.0,1.0,0.0,0.0,0.0,6.008813185442595,9.38210641483062,2.6390573296152584,2.3978952727983707,3.6109179126442243,4.143134726391533,0.0,1.791759469228055
https://agoravox.tv,0,19.0,11.0,2.0,0.0,0.0,0.0,0.0,0.0,10.0,0.5263157894736842,0.0,0.0,0.0,0.0,0.0,0.0,0.0,1.0,0.0,0.0,0.0,4.51085950651685,6.831953565565855,0.0,1.0986122886681098,1.6094379124341003,0.0,0.0,0.6931471805599453
https://xiachufang.com,0,22.0,14.0,3.0,0.0,0.0,0.0,0.0,0.0,13.0,0.5909090909090909,0.0,0.0,0.0,0.0,0.0,0.0,0.0,1.0,0.0,0.0,0.0,7.493873886783559,5.91350300563827,4.31748811353631,1.0986122886681098,1.9459101490553132,5.713732805509369,0.0,1.9459101490553132
https://dilbert.com,0,19.0,11.0,3.0,0.0,0.0,0.0,0.0,0.0,10.0,0.5263157894736842,0.0,0.0,0.0,0.0,0.0,0.0,0.0,1.0,0.0,0.0,0.0,5.5254529391317835,10.68896319927999,0.6931471805599453,2.6390573296152584,2.0794415416798357,1.0986122886681098,0.6931471805599453,2.9444389791664403
https://centrum24.pl,0,20.0,12.0,2.0,0.0,0.0,0.0,0.0,0.0,9.0,0.45,2.0,0.1,0.0,0.0,0.0,0.0,0.0,1.0,0.0,0.0,0.0,6.837332814685591,6.678342114654332,2.1972245773362196,2.9444389791664403,3.7376696182833684,2.995732273553991,1.6094379124341003,2.4849066497880004
https://samanyoluhaber.com,0,26.0,18.0,3.0,0.0,0.0,0.0,0.0,0.0,17.0,0.6538461538461539,0.0,0.0,0.0,0.0,0.0,0.0,0.0,1.0,0.0,0.0,0.0,3.4657359027997265,11.312460303939984,4.248495242049359,1.6094379124341003,3.044522437723423,3.367295829986474,1.791759469228055,1.0986122886681098
https://freefind.com,0,20.0,12.0,3.0,0.0,0.0,0.0,0.0,0.0,11.0,0.55,0.0,0.0,0.0,0.0,0.0,0.0,0.0,1.0,0.0,0.0,0.0,6.082218910376446,8.58615939588096,1.3862943611198906,0.6931471805599453,2.0794415416798357,3.258096538021482,0.0,1.6094379124341003
https://whatcar.com,0,19.0,11.0,3.0,0.0,0.0,0.0,0.0,0.0,10.0,0.5263157894736842,0.0,0.0,0.0,0.0,0.0,0.0,0.0,1.0,0.0,0.0,0.0,6.54965074223381,10.498167073695418,1.3862943611198906,3.2188758248682006,2.772588722239781,3.9318256327243257,0.0,2.8903717578961645
https://hotpads.com,0,19.0,11.0,3.0,0.0,0.0,0.0,0.0,0.0,10.0,0.5263157894736842,0.0,0.0,0.0,0.0,0.0,0.0,0.0,1.0,0.0,0.0,0.0,4.343805421853684,7.576097340623111,0.0,0.0,0.6931471805599453,0.0,0.0,0.0
https://arbeitsagentur.de,0,25.0,17.0,2.0,0.0,0.0,0.0,0.0,0.0,16.0,0.64,0.0,0.0,0.0,0.0,0.0,0.0,0.0,1.0,0.0,0.0,0.0,3.8066624897703196,11.60357023319228,1.9459101490553132,1.6094379124341003,4.060443010546419,4.189654742026425,1.0986122886681098,0.6931471805599453
https://kinghost.net,0,20.0,12.0,3.0,0.0,0.0,0.0,0.0,0.0,11.0,0.55,0.0,0.0,0.0,0.0,0.0,0.0,0.0,1.0,0.0,0.0,0.0,4.727387818712341,9.186150133174966,1.3862943611198906,1.0986122886681098,1.0986122886681098,0.0,0.0,0.6931471805599453
https://whitesmoke.com,0,22.0,14.0,3.0,0.0,0.0,0.0,0.0,0.0,13.0,0.5909090909090909,0.0,0.0,0.0,0.0,0.0,0.0,0.0,1.0,0.0,0.0,0.0,6.480044561926653,6.037870919922137,4.127134385045092,1.9459101490553132,2.4849066497880004,3.4339872044851463,1.3862943611198906,1.3862943611198906
https://choualbox.com,0,21.0,13.0,3.0,0.0,0.0,0.0,0.0,0.0,12.0,0.5714285714285714,0.0,0.0,0.0,0.0,0.0,0.0,0.0,1.0,0.0,0.0,0.0,5.153291594497779,11.692384595595142,3.9889840465642745,1.3862943611198906,3.4965075614664802,4.736198448394496,0.0,2.3978952727983707
https://knnc.net,0,16.0,8.0,3.0,0.0,0.0,0.0,0.0,0.0,7.0,0.4375,0.0,0.0,0.0,0.0,0.0,0.0,0.0,1.0,0.0,0.0,0.0,0.6931471805599453,8.554488976159934,0.0,0.6931471805599453,0.6931471805599453,0.0,0.0,0.0
https://televisao.uol.com.br,0,28.0,20.0,6.0,0.0,1.0,0.0,0.0,0.0,17.0,0.6071428571428571,0.0,0.0,0.0,0.0,0.0,0.0,0.0,1.0,0.0,0.0,0.0,6.1779441140506,12.887802394570869,4.02535169073515,2.70805020110221,3.4965075614664802,0.0,0.0,6.186208623900494
https://acm.org,0,15.0,7.0,3.0,0.0,0.0,0.0,0.0,0.0,6.0,0.4,0.0,0.0,0.0,0.0,0.0,0.0,0.0,1.0,0.0,0.0,0.0,4.51085950651685,6.831953565565855,0.0,1.0986122886681098,1.6094379124341003,0.0,0.0,0.6931471805599453
https://leboutique.com,0,22.0,14.0,3.0,0.0,0.0,0.0,0.0,0.0,13.0,0.5909090909090909,0.0,0.0,0.0,0.0,0.0,0.0,0.0,1.0,0.0,0.0,0.0,0.6931471805599453,4.74493212836325,0.0,0.0,0.6931471805599453,0.0,0.0,0.0
https://adskorner.com,0,21.0,13.0,3.0,0.0,0.0,0.0,0.0,0.0,12.0,0.5714285714285714,0.0,0.0,0.0,0.0,0.0,0.0,0.0,1.0,0.0,0.0,0.0,3.58351893845611,4.948759890378168,0.0,0.6931471805599453,1.0986122886681098,0.6931471805599453,0.0,0.0
https://digialm.com,0,19.0,11.0,3.0,0.0,0.0,0.0,0.0,0.0,10.0,0.5263157894736842,0.0,0.0,0.0,0.0,0.0,0.0,0.0,1.0,0.0,0.0,0.0,2.1972245773362196,4.0943445622221,0.0,0.0,0.0,0.0,0.0,0.0
https://epk.tv,0,14.0,6.0,2.0,0.0,0.0,0.0,0.0,0.0,5.0,0.35714285714285715,0.0,0.0,0.0,0.0,0.0,0.0,0.0,1.0,0.0,0.0,0.0,6.674561391814426,8.34972083747249,1.9459101490553132,3.1780538303479458,4.07753744390572,2.3978952727983707,2.0794415416798357,1.0986122886681098
https://lyricsoff.com,0,21.0,13.0,3.0,0.0,0.0,0.0,0.0,0.0,12.0,0.5714285714285714,0.0,0.0,0.0,0.0,0.0,0.0,0.0,1.0,0.0,0.0,0.0,5.602118820879701,5.521460917862246,3.295836866004329,0.6931471805599453,1.9459101490553132,4.219507705176107,0.0,0.0
https://leggo.it,0,16.0,8.0,2.0,0.0,0.0,0.0,0.0,0.0,7.0,0.4375,0.0,0.0,0.0,0.0,0.0,0.0,0.0,1.0,0.0,0.0,0.0,8.379539026117442,12.072375524887807,4.672828834461906,2.8903717578961645,3.8918202981106265,6.023447592961033,1.0986122886681098,3.6375861597263857
https://speakeasy.net,0,21.0,13.0,3.0,0.0,0.0,0.0,0.0,0.0,12.0,0.5714285714285714,0.0,0.0,0.0,0.0,0.0,0.0,0.0,1.0,0.0,0.0,0.0,7.059617628291383,6.738152494595957,2.9444389791664403,2.6390573296152584,3.2188758248682006,1.0986122886681098,1.0986122886681098,4.465908118654584
https://idaccion.com,0,20.0,12.0,3.0,0.0,0.0,0.0,0.0,0.0,11.0,0.55,0.0,0.0,0.0,0.0,0.0,0.0,0.0,1.0,0.0,0.0,0.0,7.8383433155571165,9.131297164635729,1.791759469228055,2.9444389791664403,2.302585092994046,1.6094379124341003,0.6931471805599453,0.0
https://thelocal.de,0,19.0,11.0,2.0,0.0,0.0,0.0,0.0,0.0,10.0,0.5263157894736842,0.0,0.0,0.0,0.0,0.0,0.0,0.0,1.0,0.0,0.0,0.0,8.063062911326792,10.32636681689808,4.143134726391533,1.791759469228055,3.332204510175204,5.680172609017068,0.0,3.332204510175204
https://lawtang.com,0,19.0,11.0,3.0,0.0,0.0,0.0,0.0,0.0,10.0,0.5263157894736842,0.0,0.0,0.0,0.0,0.0,0.0,0.0,1.0,0.0,0.0,0.0,7.335633981927201,10.678191678348384,2.1972245773362196,2.833213344056216,3.1780538303479458,3.8918202981106265,1.791759469228055,1.791759469228055
https://jplovetv.com,0,20.0,12.0,3.0,0.0,0.0,0.0,0.0,0.0,11.0,0.55,0.0,0.0,0.0,0.0,0.0,0.0,0.0,1.0,0.0,0.0,0.0,0.6931471805599453,8.439447842791385,0.0,0.0,0.6931471805599453,0.0,0.0,0.0
https://7awaml.com,0,18.0,10.0,3.0,0.0,0.0,0.0,0.0,0.0,8.0,0.4444444444444444,1.0,0.05555555555555555,0.0,0.0,0.0,0.0,0.0,1.0,0.0,0.0,0.0,6.672032945461067,7.465655310134056,2.833213344056216,2.0794415416798357,3.4011973816621555,3.828641396489095,2.0794415416798357,1.3862943611198906
https://grabo.bg,0,16.0,8.0,2.0,0.0,0.0,0.0,0.0,0.0,7.0,0.4375,0.0,0.0,0.0,0.0,0.0,0.0,0.0,1.0,0.0,0.0,0.0,8.081165777725433,9.833011438731804,4.02535169073515,2.3978952727983707,3.6375861597263857,6.493753839851686,1.0986122886681098,2.995732273553991
https://onisep.fr,0,17.0,9.0,2.0,0.0,0.0,0.0,0.0,0.0,8.0,0.47058823529411764,0.0,0.0,0.0,0.0,0.0,0.0,0.0,1.0,0.0,0.0,0.0,7.635303886259415,7.123672785204607,3.4657359027997265,2.1972245773362196,3.1354942159291497,5.049856007249537,0.6931471805599453,1.9459101490553132
https://cinedor.es,0,18.0,10.0,2.0,0.0,0.0,0.0,0.0,0.0,9.0,0.5,0.0,0.0,0.0,0.0,0.0,0.0,0.0,1.0,0.0,0.0,0.0,6.129050210060545,6.734591659972948,4.31748811353631,0.6931471805599453,2.6390573296152584,5.236441962829949,0.0,0.0
https://perun.net,0,17.0,9.0,3.0,0.0,0.0,0.0,0.0,0.0,8.0,0.47058823529411764,0.0,0.0,0.0,0.0,0.0,0.0,0.0,1.0,0.0,0.0,0.0,7.1929342212158,9.492733482494353,3.4657359027997265,2.70805020110221,2.995732273553991,4.941642422609304,0.0,1.0986122886681098
https://w3.org,0,14.0,6.0,3.0,0.0,0.0,0.0,0.0,0.0,4.0,0.2857142857142857,1.0,0.07142857142857142,0.0,0.0,0.0,0.0,0.0,1.0,0.0,0.0,0.0,6.249975242259483,9.84771053706713,2.1972245773362196,1.3862943611198906,1.6094379124341003,4.553876891600541,0.6931471805599453,1.0986122886681098
https://amaizingsearches.info,0,29.0,21.0,4.0,0.0,0.0,0.0,0.0,0.0,20.0,0.6896551724137931,0.0,0.0,0.0,0.0,0.0,0.0,0.0,1.0,0.0,0.0,0.0,3.58351893845611,5.003946305945459,0.0,0.6931471805599453,1.0986122886681098,0.6931471805599453,0.0,0.0
https://deperu.com,0,18.0,10.0,3.0,0.0,0.0,0.0,0.0,0.0,9.0,0.5,0.0,0.0,0.0,0.0,0.0,0.0,0.0,1.0,0.0,0.0,0.0,0.6931471805599453,8.575273402492762,0.0,0.6931471805599453,0.6931471805599453,0.0,0.0,0.0
https://teletexto.com,0,21.0,13.0,3.0,0.0,0.0,0.0,0.0,0.0,12.0,0.5714285714285714,0.0,0.0,0.0,0.0,0.0,0.0,0.0,1.0,0.0,0.0,0.0,6.18826412308259,6.773080375655535,4.736198448394496,1.0986122886681098,2.0794415416798357,5.123963979403259,0.6931471805599453,1.9459101490553132
https://ifsccodebank.com,0,24.0,16.0,3.0,0.0,0.0,0.0,0.0,0.0,15.0,0.625,0.0,0.0,0.0,0.0,0.0,0.0,0.0,1.0,1.0,0.0,0.0,7.446585099157725,9.704365657063827,0.6931471805599453,0.6931471805599453,2.70805020110221,5.733341276897746,0.0,2.1972245773362196
https://geotrust.com,0,20.0,12.0,3.0,0.0,0.0,0.0,0.0,0.0,11.0,0.55,0.0,0.0,0.0,0.0,0.0,0.0,0.0,1.0,0.0,0.0,0.0,7.798933310041217,6.391917113392602,3.1780538303479458,2.1972245773362196,2.9444389791664403,4.442651256490317,0.0,3.091042453358316
https://fotogramas.es,0,21.0,13.0,2.0,0.0,0.0,0.0,0.0,0.0,12.0,0.5714285714285714,0.0,0.0,0.0,0.0,0.0,0.0,0.0,1.0,0.0,0.0,0.0,1.3862943611198906,13.190982312319047,4.31748811353631,2.1972245773362196,4.02535169073515,4.6443908991413725,1.3862943611198906,2.6390573296152584
https://x-art.com,0,17.0,9.0,3.0,0.0,0.0,0.0,0.0,0.0,7.0,0.4117647058823529,0.0,0.0,0.0,0.0,0.0,1.0,0.058823529411764705,1.0,0.0,0.0,0.0,7.3914152346753585,5.568344503761097,4.07753744390572,1.791759469228055,2.0794415416798357,4.584967478670572,1.0986122886681098,0.0
https://ezilon.com,0,18.0,10.0,3.0,0.0,0.0,0.0,0.0,0.0,9.0,0.5,0.0,0.0,0.0,0.0,0.0,0.0,0.0,1.0,0.0,0.0,0.0,5.765191102784844,6.994849985833071,3.713572066704308,1.3862943611198906,2.3978952727983707,4.574710978503383,1.791759469228055,1.0986122886681098
https://getvero.com,0,19.0,11.0,3.0,0.0,0.0,0.0,0.0,0.0,10.0,0.5263157894736842,0.0,0.0,0.0,0.0,0.0,0.0,0.0,1.0,0.0,0.0,0.0,7.726212650507529,8.543640361431086,4.6913478822291435,1.0986122886681098,2.3978952727983707,4.060443010546419,0.0,0.6931471805599453
https://hmizate.ma,0,18.0,10.0,2.0,0.0,0.0,0.0,0.0,0.0,9.0,0.5,0.0,0.0,0.0,0.0,0.0,0.0,0.0,1.0,0.0,0.0,0.0,0.6931471805599453,8.86953877719374,0.0,1.0986122886681098,1.6094379124341003,0.0,0.0,0.0
https://tagheuer.com,0,20.0,12.0,3.0,0.0,0.0,0.0,0.0,0.0,11.0,0.55,0.0,0.0,0.0,0.0,0.0,0.0,0.0,1.0,0.0,0.0,0.0,4.007333185232471,5.099866427824199,0.6931471805599453,0.0,1.3862943611198906,0.0,0.0,0.6931471805599453
https://furaffinity.net,0,23.0,15.0,3.0,0.0,0.0,0.0,0.0,0.0,14.0,0.6086956521739131,0.0,0.0,0.0,0.0,0.0,0.0,0.0,1.0,0.0,0.0,0.0,7.914617709040679,8.590815331286851,4.8283137373023015,1.9459101490553132,3.2188758248682006,6.0063531596017325,1.0986122886681098,0.0
https://xapo.com,0,16.0,8.0,3.0,0.0,0.0,0.0,0.0,0.0,7.0,0.4375,0.0,0.0,0.0,0.0,0.0,0.0,0.0,1.0,0.0,0.0,0.0,3.8918202981106265,12.240763885320105,3.5263605246161616,2.1972245773362196,4.5217885770490405,4.04305126783455,0.0,2.9444389791664403
https://miltt.com,0,17.0,9.0,3.0,0.0,0.0,0.0,0.0,0.0,8.0,0.47058823529411764,0.0,0.0,0.0,0.0,0.0,0.0,0.0,1.0,0.0,0.0,0.0,0.6931471805599453,4.74493212836325,0.0,0.0,0.6931471805599453,0.0,0.0,0.0
https://thekrazycouponlady.com,0,30.0,22.0,3.0,0.0,0.0,0.0,0.0,0.0,21.0,0.7,0.0,0.0,0.0,0.0,0.0,0.0,0.0,1.0,0.0,0.0,0.0,8.575084669832014,11.292079272704703,4.68213122712422,4.430816798843313,3.6635616461296463,5.6131281063880705,0.0,2.6390573296152584
https://klerk.ru,0,16.0,8.0,2.0,0.0,0.0,0.0,0.0,0.0,7.0,0.4375,0.0,0.0,0.0,0.0,0.0,0.0,0.0,1.0,0.0,0.0,0.0,3.58351893845611,12.364468587182664,3.6375861597263857,1.6094379124341003,1.9459101490553132,5.37989735354046,0.0,3.1780538303479458
https://pult.ru,0,15.0,7.0,2.0,0.0,0.0,0.0,0.0,0.0,6.0,0.4,0.0,0.0,0.0,0.0,0.0,0.0,0.0,1.0,0.0,0.0,0.0,7.500529485395295,9.21094019204815,0.0,0.0,1.0986122886681098,4.127134385045092,0.0,0.0
https://parts-express.com,0,25.0,17.0,3.0,0.0,0.0,0.0,0.0,0.0,15.0,0.6,0.0,0.0,0.0,0.0,0.0,1.0,0.04,1.0,0.0,0.0,0.0,0.6931471805599453,8.579792333172758,0.0,0.6931471805599453,0.6931471805599453,0.0,0.0,0.0
https://dasoertliche.de,0,23.0,15.0,2.0,0.0,0.0,0.0,0.0,0.0,14.0,0.6086956521739131,0.0,0.0,0.0,0.0,0.0,0.0,0.0,1.0,0.0,0.0,0.0,7.297091005160418,9.39091039573133,1.791759469228055,2.0794415416798357,3.1780538303479458,4.442651256490317,2.4849066497880004,2.302585092994046
https://startbootstrap.com,0,26.0,18.0,3.0,0.0,0.0,0.0,0.0,0.0,17.0,0.6538461538461539,0.0,0.0,0.0,0.0,0.0,0.0,0.0,1.0,0.0,0.0,0.0,4.143134726391533,8.876544550558378,0.6931471805599453,1.3862943611198906,2.1972245773362196,0.0,0.0,0.0
https://spin.com,0,16.0,8.0,3.0,0.0,0.0,0.0,0.0,0.0,7.0,0.4375,0.0,0.0,0.0,0.0,0.0,0.0,0.0,1.0,0.0,0.0,0.0,0.6931471805599453,8.574140471857987,0.0,0.6931471805599453,0.6931471805599453,0.0,0.0,0.0
https://guchill.com,0,19.0,11.0,3.0,0.0,0.0,0.0,0.0,0.0,10.0,0.5263157894736842,0.0,0.0,0.0,0.0,0.0,0.0,0.0,1.0,0.0,0.0,0.0,2.70805020110221,5.459585514144159,0.6931471805599453,0.0,0.0,1.6094379124341003,0.0,0.0
https://brylanehome.com,0,23.0,15.0,3.0,0.0,0.0,0.0,0.0,0.0,14.0,0.6086956521739131,0.0,0.0,0.0,0.0,0.0,0.0,0.0,1.0,0.0,0.0,0.0,9.198369000194964,9.49228099379885,4.672828834461906,3.1354942159291497,3.8066624897703196,5.948034989180646,1.3862943611198906,3.6109179126442243
https://nextinpact.com,0,22.0,14.0,3.0,0.0,0.0,0.0,0.0,0.0,13.0,0.5909090909090909,0.0,0.0,0.0,0.0,0.0,0.0,0.0,1.0,0.0,0.0,0.0,8.287528423111763,9.086249986745132,3.6109179126442243,3.1354942159291497,3.8918202981106265,2.3978952727983707,0.0,5.846438775057725
https://zylom.com,0,17.0,9.0,3.0,0.0,0.0,0.0,0.0,0.0,8.0,0.47058823529411764,0.0,0.0,0.0,0.0,0.0,0.0,0.0,1.0,0.0,0.0,0.0,6.152732694704104,9.373733918884618,3.2188758248682006,2.9444389791664403,3.4339872044851463,4.919980925828125,0.6931471805599453,1.3862943611198906
https://groupon.ru,0,18.0,10.0,2.0,0.0,0.0,0.0,0.0,0.0,9.0,0.5,0.0,0.0,0.0,0.0,0.0,0.0,0.0,1.0,0.0,0.0,0.0,3.332204510175204,12.907091264870541,2.4849066497880004,1.6094379124341003,4.672828834461906,2.0794415416798357,0.0,3.258096538021482
https://vayatele.com,0,20.0,12.0,3.0,0.0,0.0,0.0,0.0,0.0,11.0,0.55,0.0,0.0,0.0,0.0,0.0,0.0,0.0,1.0,0.0,0.0,0.0,8.080856419640986,6.899723107284872,4.02535169073515,1.0986122886681098,3.332204510175204,5.262690188904886,1.6094379124341003,5.3471075307174685
https://ukrinform.ua,0,20.0,12.0,2.0,0.0,0.0,0.0,0.0,0.0,11.0,0.55,0.0,0.0,0.0,0.0,0.0,0.0,0.0,1.0,0.0,0.0,0.0,7.841492924460013,6.761572768804055,3.9318256327243257,1.791759469228055,2.302585092994046,5.568344503761097,1.791759469228055,3.4657359027997265
https://webcosmoforums.com,0,26.0,18.0,3.0,0.0,0.0,0.0,0.0,0.0,17.0,0.6538461538461539,0.0,0.0,0.0,0.0,0.0,0.0,0.0,1.0,0.0,0.0,0.0,6.352629396319567,7.507141079727608,3.7376696182833684,2.0794415416798357,2.3978952727983707,4.7535901911063645,0.0,1.3862943611198906
https://al-sharq.com,0,20.0,12.0,3.0,0.0,0.0,0.0,0.0,0.0,10.0,0.5,0.0,0.0,0.0,0.0,0.0,1.0,0.05,1.0,0.0,0.0,0.0,8.178077463849608,7.664815785285735,4.812184355372417,2.1972245773362196,3.970291913552122,5.3706380281276624,3.2188758248682006,4.927253685157205
https://joyreactor.cc,0,21.0,13.0,2.0,0.0,0.0,0.0,0.0,0.0,12.0,0.5714285714285714,0.0,0.0,0.0,0.0,0.0,0.0,0.0,1.0,0.0,0.0,0.0,2.6390573296152584,11.853802272924089,4.02535169073515,1.3862943611198906,3.5553480614894135,4.919980925828125,0.0,0.6931471805599453
https://rail-nation.com,0,23.0,15.0,3.0,0.0,0.0,0.0,0.0,0.0,13.0,0.5652173913043478,0.0,0.0,0.0,0.0,0.0,1.0,0.043478260869565216,1.0,0.0,0.0,0.0,6.84587987526405,9.155144736508232,2.6390573296152584,2.70805020110221,3.4339872044851463,4.23410650459726,0.0,3.332204510175204
https://cmail1.com,0,18.0,10.0,3.0,0.0,0.0,0.0,0.0,0.0,8.0,0.4444444444444444,1.0,0.05555555555555555,0.0,0.0,0.0,0.0,0.0,1.0,0.0,0.0,0.0,3.332204510175204,5.062595033026967,0.0,1.0986122886681098,0.0,0.6931471805599453,0.0,0.0
https://mediastay.net,0,21.0,13.0,3.0,0.0,0.0,0.0,0.0,0.0,12.0,0.5714285714285714,0.0,0.0,0.0,0.0,0.0,0.0,0.0,1.0,0.0,0.0,0.0,2.0794415416798357,4.007333185232471,0.0,0.0,0.0,0.0,0.0,0.0
https://autoplenum.de,0,21.0,13.0,2.0,0.0,0.0,0.0,0.0,0.0,12.0,0.5714285714285714,0.0,0.0,0.0,0.0,0.0,0.0,0.0,1.0,0.0,0.0,0.0,4.762173934797756,12.540335299964488,4.709530201312334,1.0986122886681098,2.3978952727983707,4.890349128221754,0.6931471805599453,1.0986122886681098
https://fengniao.com,0,20.0,12.0,3.0,0.0,0.0,0.0,0.0,0.0,11.0,0.55,0.0,0.0,0.0,0.0,0.0,0.0,0.0,1.0,0.0,0.0,0.0,2.0794415416798357,3.7376696182833684,0.0,0.0,0.0,0.0,0.0,0.0
https://24fx.com,0,16.0,8.0,3.0,0.0,0.0,0.0,0.0,0.0,5.0,0.3125,2.0,0.125,0.0,0.0,0.0,0.0,0.0,1.0,0.0,0.0,0.0,0.6931471805599453,4.74493212836325,0.0,0.0,0.6931471805599453,0.0,0.0,0.0
https://tim.it,0,14.0,6.0,2.0,0.0,0.0,0.0,0.0,0.0,5.0,0.35714285714285715,0.0,0.0,0.0,0.0,0.0,0.0,0.0,1.0,0.0,0.0,0.0,0.6931471805599453,8.201934351194222,0.0,0.6931471805599453,0.0,0.0,0.0,0.0
https://jeasyui.com,0,19.0,11.0,3.0,0.0,0.0,0.0,0.0,0.0,10.0,0.5263157894736842,0.0,0.0,0.0,0.0,0.0,0.0,0.0,1.0,0.0,0.0,0.0,5.673323267171493,8.428361977709622,1.3862943611198906,1.0986122886681098,1.0986122886681098,4.290459441148391,0.0,0.0
https://webcamgalore.com,0,24.0,16.0,3.0,0.0,0.0,0.0,0.0,0.0,15.0,0.625,0.0,0.0,0.0,0.0,0.0,0.0,0.0,1.0,0.0,0.0,0.0,5.855071922202427,9.716253951381153,2.5649493574615367,1.9459101490553132,2.9444389791664403,5.093750200806762,1.3862943611198906,1.9459101490553132
https://markprofit.com,0,22.0,14.0,3.0,0.0,0.0,0.0,0.0,0.0,13.0,0.5909090909090909,0.0,0.0,0.0,0.0,0.0,0.0,0.0,1.0,0.0,0.0,0.0,0.6931471805599453,4.74493212836325,0.0,0.0,0.6931471805599453,0.0,0.0,0.0
https://avn.com,0,15.0,7.0,3.0,0.0,0.0,0.0,0.0,0.0,6.0,0.4,0.0,0.0,0.0,0.0,0.0,0.0,0.0,1.0,0.0,0.0,0.0,7.642524134232902,5.910796644040527,4.204692619390966,2.0794415416798357,2.302585092994046,5.3706380281276624,3.1780538303479458,2.3978952727983707
https://cancer.gov,0,18.0,10.0,3.0,0.0,0.0,0.0,0.0,0.0,9.0,0.5,0.0,0.0,0.0,0.0,0.0,0.0,0.0,1.0,0.0,0.0,0.0,6.93828448401696,5.991464547107982,2.70805020110221,1.791759469228055,1.9459101490553132,3.828641396489095,0.0,2.4849066497880004
https://ledauphine.com,0,22.0,14.0,3.0,0.0,0.0,0.0,0.0,0.0,13.0,0.5909090909090909,0.0,0.0,0.0,0.0,0.0,0.0,0.0,1.0,0.0,0.0,0.0,9.809726172721653,10.725203833890781,5.181783550292085,3.295836866004329,3.4339872044851463,6.747586526829315,1.6094379124341003,4.07753744390572
https://null.com,0,16.0,8.0,3.0,0.0,0.0,0.0,0.0,0.0,7.0,0.4375,0.0,0.0,0.0,0.0,0.0,0.0,0.0,1.0,0.0,0.0,0.0,2.1972245773362196,10.094644957992482,3.044522437723423,1.791759469228055,2.302585092994046,2.0794415416798357,0.0,1.9459101490553132
https://mlspin.com,0,18.0,10.0,3.0,0.0,0.0,0.0,0.0,0.0,9.0,0.5,0.0,0.0,0.0,0.0,0.0,0.0,0.0,1.0,0.0,0.0,0.0,7.792348924113037,10.881343640068438,1.0986122886681098,2.833213344056216,3.4657359027997265,5.288267030694535,0.0,0.6931471805599453
https://joystiq.com,0,19.0,11.0,3.0,0.0,0.0,0.0,0.0,0.0,10.0,0.5263157894736842,0.0,0.0,0.0,0.0,0.0,0.0,0.0,1.0,0.0,0.0,0.0,6.725033642166843,8.52872642722991,3.4657359027997265,0.6931471805599453,2.6390573296152584,5.225746673713202,0.6931471805599453,3.9512437185814275
https://goodbarber.com,0,22.0,14.0,3.0,0.0,0.0,0.0,0.0,0.0,13.0,0.5909090909090909,0.0,0.0,0.0,0.0,0.0,0.0,0.0,1.0,0.0,0.0,0.0,6.030685260261263,11.4602206485382,5.123963979403259,1.9459101490553132,2.4849066497880004,4.812184355372417,0.0,2.4849066497880004
https://greenweez.com,0,21.0,13.0,3.0,0.0,0.0,0.0,0.0,0.0,12.0,0.5714285714285714,0.0,0.0,0.0,0.0,0.0,0.0,0.0,1.0,0.0,0.0,0.0,4.51085950651685,6.831953565565855,0.0,1.0986122886681098,1.6094379124341003,0.0,0.0,0.6931471805599453
https://yankanshu.com,0,21.0,13.0,3.0,0.0,0.0,0.0,0.0,0.0,12.0,0.5714285714285714,0.0,0.0,0.0,0.0,0.0,0.0,0.0,1.0,0.0,0.0,0.0,2.0794415416798357,3.7376696182833684,0.0,0.0,0.0,0.0,0.0,0.0
https://tamugaia.com,0,20.0,12.0,3.0,0.0,0.0,0.0,0.0,0.0,11.0,0.55,0.0,0.0,0.0,0.0,0.0,0.0,0.0,1.0,0.0,0.0,0.0,7.605392364814935,7.538494999413465,3.091042453358316,0.6931471805599453,1.9459101490553132,3.1780538303479458,0.0,3.1780538303479458
https://renuevodeplenitud.com,0,29.0,21.0,3.0,0.0,0.0,0.0,0.0,0.0,20.0,0.6896551724137931,0.0,0.0,0.0,0.0,0.0,0.0,0.0,1.0,0.0,0.0,0.0,7.86940171257709,11.854335490621065,1.0986122886681098,2.3978952727983707,3.044522437723423,1.3862943611198906,0.0,5.37989735354046
https://fm-p.jp,0,15.0,7.0,2.0,0.0,0.0,0.0,0.0,0.0,5.0,0.3333333333333333,0.0,0.0,0.0,0.0,0.0,1.0,0.06666666666666667,1.0,0.0,0.0,0.0,2.5649493574615367,4.060443010546419,0.0,0.0,0.6931471805599453,0.0,0.0,0.0
https://sherdog.com,0,19.0,11.0,3.0,0.0,0.0,0.0,0.0,0.0,10.0,0.5263157894736842,0.0,0.0,0.0,0.0,0.0,0.0,0.0,1.0,0.0,0.0,0.0,7.129297548929373,8.902183446335016,4.0943445622221,2.0794415416798357,3.9512437185814275,5.4116460518550396,0.0,3.1354942159291497
https://studio9xb.com,0,21.0,13.0,3.0,0.0,0.0,0.0,0.0,0.0,11.0,0.5238095238095238,1.0,0.047619047619047616,0.0,0.0,0.0,0.0,0.0,1.0,0.0,0.0,0.0,0.6931471805599453,3.970291913552122,0.0,0.0,0.0,0.0,0.0,0.0
https://gordonua.com,0,20.0,12.0,3.0,0.0,0.0,0.0,0.0,0.0,11.0,0.55,0.0,0.0,0.0,0.0,0.0,0.0,0.0,1.0,0.0,0.0,0.0,4.6913478822291435,13.128031284429179,4.290459441148391,1.0986122886681098,3.091042453358316,5.991464547107982,0.0,3.4011973816621555
https://msoutlook.info,0,22.0,14.0,4.0,0.0,0.0,0.0,0.0,0.0,13.0,0.5909090909090909,0.0,0.0,0.0,0.0,0.0,0.0,0.0,1.0,0.0,0.0,0.0,7.332369205929062,9.82265703462158,2.8903717578961645,2.772588722239781,3.044522437723423,3.6635616461296463,1.6094379124341003,4.330733340286331
https://amazingsellingmachine.com,0,33.0,25.0,3.0,0.0,0.0,0.0,0.0,0.0,24.0,0.7272727272727273,0.0,0.0,0.0,0.0,0.0,0.0,0.0,1.0,0.0,0.0,0.0,8.738414897167749,7.2633296174768365,3.6375861597263857,3.044522437723423,3.1780538303479458,2.833213344056216,0.0,1.791759469228055
https://buyiju.com,0,18.0,10.0,3.0,0.0,0.0,0.0,0.0,0.0,9.0,0.5,0.0,0.0,0.0,0.0,0.0,0.0,0.0,1.0,0.0,0.0,0.0,3.4011973816621555,4.74493212836325,0.0,0.6931471805599453,0.0,0.0,0.0,0.0
https://hello-today.com,0,23.0,15.0,3.0,0.0,0.0,0.0,0.0,0.0,13.0,0.5652173913043478,0.0,0.0,0.0,0.0,0.0,1.0,0.043478260869565216,1.0,0.0,0.0,0.0,7.508238774678663,9.086249986745132,3.784189633918261,4.04305126783455,4.343805421853684,3.091042453358316,0.0,1.0986122886681098
https://kvraudio.com,0,20.0,12.0,3.0,0.0,0.0,0.0,0.0,0.0,11.0,0.55,0.0,0.0,0.0,0.0,0.0,0.0,0.0,1.0,0.0,0.0,0.0,0.6931471805599453,8.58110651715989,0.0,0.6931471805599453,0.6931471805599453,0.0,0.0,0.0
https://bearwww.com,0,19.0,11.0,3.0,0.0,0.0,0.0,0.0,0.0,10.0,0.5263157894736842,0.0,0.0,0.0,0.0,0.0,0.0,0.0,1.0,0.0,0.0,0.0,7.467942332285852,9.506585675088452,3.4339872044851463,3.5553480614894135,3.2188758248682006,3.6635616461296463,0.0,2.4849066497880004
https://dinimizislam.com,0,24.0,16.0,3.0,0.0,0.0,0.0,0.0,0.0,15.0,0.625,0.0,0.0,0.0,0.0,0.0,0.0,0.0,1.0,0.0,0.0,0.0,7.719129840906732,7.186901020411631,4.897839799950911,2.302585092994046,3.2188758248682006,4.882801922586371,1.0986122886681098,3.8066624897703196
https://yellowpages.co.th,0,25.0,17.0,5.0,0.0,0.0,0.0,0.0,0.0,15.0,0.6,0.0,0.0,0.0,0.0,0.0,0.0,0.0,1.0,0.0,0.0,0.0,7.7279755421055585,8.826881344130634,4.663439094112067,1.791759469228055,3.4011973816621555,5.225746673713202,1.0986122886681098,4.110873864173311
https://demotix.com,0,19.0,11.0,3.0,0.0,0.0,0.0,0.0,0.0,10.0,0.5263157894736842,0.0,0.0,0.0,0.0,0.0,0.0,0.0,1.0,0.0,0.0,0.0,6.38856140554563,5.700443573390687,0.0,0.0,0.0,0.0,0.0,0.0
https://shkolazhizni.ru,0,23.0,15.0,2.0,0.0,0.0,0.0,0.0,0.0,14.0,0.6086956521739131,0.0,0.0,0.0,0.0,0.0,0.0,0.0,1.0,0.0,0.0,0.0,8.14757773620177,6.803505257608338,4.276666119016055,2.5649493574615367,3.5553480614894135,6.248042874508429,2.1972245773362196,1.3862943611198906
https://click.ro,0,16.0,8.0,2.0,0.0,0.0,0.0,0.0,0.0,7.0,0.4375,0.0,0.0,0.0,0.0,0.0,0.0,0.0,1.0,0.0,0.0,0.0,7.068172000388042,9.203215047033595,4.672828834461906,1.3862943611198906,3.1354942159291497,5.220355825078324,0.0,4.672828834461906
https://marcofolio.net,0,22.0,14.0,3.0,0.0,0.0,0.0,0.0,0.0,13.0,0.5909090909090909,0.0,0.0,0.0,0.0,0.0,0.0,0.0,1.0,0.0,0.0,0.0,6.306275286948016,9.086249986745132,2.70805020110221,3.1780538303479458,3.044522437723423,4.23410650459726,0.6931471805599453,1.3862943611198906
https://rewardscentral.com.au,0,29.0,21.0,6.0,0.0,0.0,0.0,0.0,0.0,19.0,0.6551724137931034,0.0,0.0,0.0,0.0,0.0,0.0,0.0,1.0,0.0,0.0,0.0,6.452048954437226,6.996681488176539,3.5263605246161616,1.791759469228055,2.6390573296152584,4.442651256490317,0.6931471805599453,0.0
https://koolinar.ru,0,19.0,11.0,2.0,0.0,0.0,0.0,0.0,0.0,10.0,0.5263157894736842,0.0,0.0,0.0,0.0,0.0,0.0,0.0,1.0,0.0,0.0,0.0,7.60887062919126,7.239214973779806,4.31748811353631,0.6931471805599453,2.9444389791664403,5.940171252720432,1.9459101490553132,1.6094379124341003
https://adlabs.ru,0,17.0,9.0,2.0,0.0,0.0,0.0,0.0,0.0,8.0,0.47058823529411764,0.0,0.0,0.0,0.0,0.0,0.0,0.0,1.0,0.0,0.0,0.0,5.921578419643816,6.956545443151569,0.0,1.3862943611198906,3.2188758248682006,2.6390573296152584,0.6931471805599453,1.0986122886681098
https://redpepper.co.ug,0,23.0,15.0,5.0,0.0,0.0,0.0,0.0,0.0,13.0,0.5652173913043478,0.0,0.0,0.0,0.0,0.0,0.0,0.0,1.0,0.0,0.0,0.0,7.3901814282264295,10.774571691572204,4.330733340286331,0.6931471805599453,3.4657359027997265,5.973809611869261,1.0986122886681098,2.1972245773362196
https://optionow.com,0,20.0,12.0,3.0,0.0,0.0,0.0,0.0,0.0,11.0,0.55,0.0,0.0,0.0,0.0,0.0,0.0,0.0,1.0,0.0,0.0,0.0,7.6544432264701125,11.427541853360504,3.9512437185814275,2.0794415416798357,2.995732273553991,2.3978952727983707,1.0986122886681098,4.672828834461906
https://thachpham.com,0,21.0,13.0,3.0,0.0,0.0,0.0,0.0,0.0,12.0,0.5714285714285714,0.0,0.0,0.0,0.0,0.0,0.0,0.0,1.0,0.0,0.0,0.0,4.51085950651685,5.983936280687191,0.0,1.0986122886681098,1.3862943611198906,0.0,0.0,0.6931471805599453
https://13.cl,0,13.0,5.0,2.0,0.0,0.0,0.0,0.0,0.0,2.0,0.15384615384615385,2.0,0.15384615384615385,0.0,0.0,0.0,0.0,0.0,1.0,0.0,0.0,0.0,7.44600149832412,7.728855823852543,4.30406509320417,2.1972245773362196,2.995732273553991,4.330733340286331,0.0,2.9444389791664403
https://usertesting.com,0,23.0,15.0,3.0,0.0,0.0,0.0,0.0,0.0,14.0,0.6086956521739131,0.0,0.0,0.0,0.0,0.0,0.0,0.0,1.0,0.0,0.0,0.0,3.367295829986474,11.289419347937011,4.897839799950911,1.791759469228055,4.0943445622221,5.365976015021851,1.0986122886681098,2.1972245773362196
https://printroot.com,0,21.0,13.0,3.0,0.0,0.0,0.0,0.0,0.0,12.0,0.5714285714285714,0.0,0.0,0.0,0.0,0.0,0.0,0.0,1.0,0.0,0.0,0.0,0.6931471805599453,8.440312147080279,0.0,0.0,0.6931471805599453,0.0,0.0,0.0
https://yourfirm.de,0,19.0,11.0,2.0,0.0,0.0,0.0,0.0,0.0,10.0,0.5263157894736842,0.0,0.0,0.0,0.0,0.0,0.0,0.0,1.0,0.0,0.0,0.0,0.6931471805599453,4.1588830833596715,0.0,0.0,0.0,0.0,0.0,0.0
https://adklick.net,0,19.0,11.0,3.0,0.0,0.0,0.0,0.0,0.0,10.0,0.5263157894736842,0.0,0.0,0.0,0.0,0.0,0.0,0.0,1.0,0.0,0.0,0.0,6.07073772800249,6.280395838960195,3.2188758248682006,1.6094379124341003,2.302585092994046,3.8501476017100584,0.0,0.6931471805599453
https://upstore.net,0,19.0,11.0,3.0,0.0,0.0,0.0,0.0,0.0,10.0,0.5263157894736842,0.0,0.0,0.0,0.0,0.0,0.0,0.0,1.0,0.0,0.0,0.0,5.771441123130016,6.974478911025045,1.3862943611198906,1.6094379124341003,2.833213344056216,2.5649493574615367,0.0,0.0
https://sexinsex.net,0,20.0,12.0,3.0,0.0,0.0,0.0,0.0,0.0,11.0,0.55,0.0,0.0,0.0,0.0,0.0,0.0,0.0,1.0,0.0,0.0,0.0,4.110873864173311,6.833031732786201,0.0,0.0,1.3862943611198906,1.0986122886681098,0.0,0.0
https://miscota.es,0,18.0,10.0,2.0,0.0,0.0,0.0,0.0,0.0,9.0,0.5,0.0,0.0,0.0,0.0,0.0,0.0,0.0,1.0,0.0,0.0,0.0,0.6931471805599453,8.574518258035507,0.0,0.6931471805599453,0.6931471805599453,0.0,0.0,0.0
https://listal.com,0,18.0,10.0,3.0,0.0,0.0,0.0,0.0,0.0,9.0,0.5,0.0,0.0,0.0,0.0,0.0,0.0,0.0,1.0,0.0,0.0,0.0,6.626717749249025,7.029972911706386,4.30406509320417,1.0986122886681098,1.9459101490553132,5.198497031265826,1.9459101490553132,0.0
https://svbtle.com,0,18.0,10.0,3.0,0.0,0.0,0.0,0.0,0.0,9.0,0.5,0.0,0.0,0.0,0.0,0.0,0.0,0.0,1.0,0.0,0.0,0.0,4.787491742782046,5.44673737166631,0.0,0.6931471805599453,2.302585092994046,2.995732273553991,0.0,0.6931471805599453
https://independent.co.uk,0,25.0,17.0,5.0,0.0,0.0,0.0,0.0,0.0,15.0,0.6,0.0,0.0,0.0,0.0,0.0,0.0,0.0,1.0,0.0,0.0,0.0,0.6931471805599453,12.975335602683398,4.997212273764115,0.6931471805599453,3.1354942159291497,6.408528791059498,0.0,2.5649493574615367
https://apollo.lv,0,17.0,9.0,2.0,0.0,0.0,0.0,0.0,0.0,8.0,0.47058823529411764,0.0,0.0,0.0,0.0,0.0,0.0,0.0,1.0,0.0,0.0,0.0,6.289715570908998,10.844451384615168,4.189654742026425,1.791759469228055,3.1354942159291497,4.174387269895637,0.0,2.6390573296152584
https://amaderforum.com,0,23.0,15.0,3.0,0.0,0.0,0.0,0.0,0.0,14.0,0.6086956521739131,0.0,0.0,0.0,0.0,0.0,0.0,0.0,1.0,0.0,0.0,0.0,6.677083461247136,6.839476438228843,2.8903717578961645,2.302585092994046,2.8903717578961645,1.791759469228055,1.791759469228055,3.9889840465642745
https://tv.nu,0,13.0,5.0,2.0,0.0,0.0,0.0,0.0,0.0,4.0,0.3076923076923077,0.0,0.0,0.0,0.0,0.0,0.0,0.0,1.0,0.0,0.0,0.0,5.564520407322694,11.690937750176085,2.772588722239781,1.0986122886681098,2.772588722239781,5.517452896464707,0.0,2.8903717578961645
https://juegos.com,0,18.0,10.0,3.0,0.0,0.0,0.0,0.0,0.0,9.0,0.5,0.0,0.0,0.0,0.0,0.0,0.0,0.0,1.0,0.0,0.0,0.0,8.712430973476739,6.220590170099739,5.5909869805108565,1.3862943611198906,2.0794415416798357,5.963579343618446,1.0986122886681098,2.8903717578961645
https://online.no,0,17.0,9.0,2.0,0.0,0.0,0.0,0.0,0.0,8.0,0.47058823529411764,0.0,0.0,0.0,0.0,0.0,0.0,0.0,1.0,0.0,0.0,0.0,0.6931471805599453,12.177261563676055,1.9459101490553132,4.2626798770413155,1.6094379124341003,3.6635616461296463,0.0,1.791759469228055
https://majikichi.com,0,21.0,13.0,3.0,0.0,0.0,0.0,0.0,0.0,12.0,0.5714285714285714,0.0,0.0,0.0,0.0,0.0,0.0,0.0,1.0,0.0,0.0,0.0,7.908019444632471,6.8679744089702925,5.2832037287379885,1.3862943611198906,4.48863636973214,5.908082938168931,0.0,2.70805020110221
https://empowernetwork.com/cxlgiefxsa7kdb9d2wpjmq==,0,51.0,18.0,3.0,0.0,0.0,0.0,0.0,0.0,36.0,0.7058823529411765,3.0,0.058823529411764705,2.0,0.0,0.0,3.0,0.058823529411764705,1.0,0.0,0.0,0.0,0.6931471805599453,10.953207171781322,1.6094379124341003,1.3862943611198906,3.7376696182833684,2.772588722239781,0.0,0.0
https://icloud.com,0,18.0,10.0,3.0,0.0,0.0,0.0,0.0,0.0,9.0,0.5,0.0,0.0,0.0,0.0,0.0,0.0,0.0,1.0,0.0,0.0,0.0,0.6931471805599453,10.34009596741305,0.0,1.0986122886681098,2.1972245773362196,0.0,0.0,0.0
https://local03.com,0,19.0,11.0,3.0,0.0,0.0,0.0,0.0,0.0,8.0,0.42105263157894735,2.0,0.10526315789473684,0.0,0.0,0.0,0.0,0.0,1.0,0.0,0.0,0.0,5.799092654460526,10.265662344545426,4.276666119016055,1.0986122886681098,2.70805020110221,3.970291913552122,0.6931471805599453,1.791759469228055
https://showmelocal.com,0,23.0,15.0,3.0,0.0,0.0,0.0,0.0,0.0,14.0,0.6086956521739131,0.0,0.0,0.0,0.0,0.0,0.0,0.0,1.0,0.0,0.0,0.0,0.6931471805599453,4.465908118654584,0.0,0.0,0.0,0.0,0.0,0.0
https://dreamamateurs.com,0,25.0,17.0,3.0,0.0,0.0,0.0,0.0,0.0,16.0,0.64,0.0,0.0,0.0,0.0,0.0,0.0,0.0,1.0,0.0,0.0,0.0,0.6931471805599453,8.442900586834382,0.0,0.0,0.6931471805599453,0.0,0.0,0.0
https://politiken.dk,0,20.0,12.0,2.0,0.0,0.0,0.0,0.0,0.0,11.0,0.55,0.0,0.0,0.0,0.0,0.0,0.0,0.0,1.0,0.0,0.0,0.0,8.34924780056679,7.860570785538664,5.214935757608986,0.0,1.791759469228055,5.8971538676367405,3.912023005428146,2.9444389791664403
https://yelp.it,0,15.0,7.0,2.0,0.0,0.0,0.0,0.0,0.0,6.0,0.4,0.0,0.0,0.0,0.0,0.0,0.0,0.0,1.0,0.0,0.0,0.0,3.044522437723423,5.198497031265826,0.0,0.0,0.0,0.0,0.0,0.0
https://ptcircle.com,0,20.0,12.0,3.0,0.0,0.0,0.0,0.0,0.0,11.0,0.55,0.0,0.0,0.0,0.0,0.0,0.0,0.0,1.0,0.0,0.0,0.0,6.677083461247136,6.839476438228843,2.8903717578961645,2.302585092994046,2.8903717578961645,1.791759469228055,1.791759469228055,3.9889840465642745
https://harmonyfound.org,0,24.0,16.0,3.0,0.0,0.0,0.0,0.0,0.0,15.0,0.625,0.0,0.0,0.0,0.0,0.0,0.0,0.0,1.0,0.0,0.0,0.0,6.2324480165505225,9.105646300861517,2.302585092994046,3.2188758248682006,3.784189633918261,4.248495242049359,0.0,1.3862943611198906
https://mitre.org,0,17.0,9.0,3.0,0.0,0.0,0.0,0.0,0.0,8.0,0.47058823529411764,0.0,0.0,0.0,0.0,0.0,0.0,0.0,1.0,0.0,0.0,0.0,7.579678823090456,8.359603270841466,3.871201010907891,1.791759469228055,2.0794415416798357,4.6913478822291435,0.0,1.9459101490553132
https://onlinechatcenters.com,0,29.0,21.0,3.0,0.0,0.0,0.0,0.0,0.0,20.0,0.6896551724137931,0.0,0.0,0.0,0.0,0.0,0.0,0.0,1.0,0.0,0.0,0.0,6.1070228877422545,6.680854678790215,3.5553480614894135,1.6094379124341003,2.70805020110221,3.9318256327243257,1.0986122886681098,2.70805020110221
https://kukuklok.com,0,20.0,12.0,3.0,0.0,0.0,0.0,0.0,0.0,11.0,0.55,0.0,0.0,0.0,0.0,0.0,0.0,0.0,1.0,0.0,0.0,0.0,6.366470447731438,8.90598676523643,0.6931471805599453,1.0986122886681098,3.258096538021482,0.6931471805599453,0.0,0.0
https://dlink.ru,0,16.0,8.0,2.0,0.0,0.0,0.0,0.0,0.0,7.0,0.4375,0.0,0.0,0.0,0.0,0.0,0.0,0.0,1.0,0.0,0.0,0.0,6.5998704992128365,8.064321960910803,2.9444389791664403,1.791759469228055,2.6390573296152584,5.214935757608986,1.3862943611198906,1.6094379124341003
https://supertoinette.com,0,25.0,17.0,3.0,0.0,0.0,0.0,0.0,0.0,16.0,0.64,0.0,0.0,0.0,0.0,0.0,0.0,0.0,1.0,0.0,0.0,0.0,6.734591659972948,7.318539548567902,2.833213344056216,1.3862943611198906,2.995732273553991,4.584967478670572,1.3862943611198906,0.6931471805599453
https://sfd.pl,0,14.0,6.0,2.0,0.0,0.0,0.0,0.0,0.0,5.0,0.35714285714285715,0.0,0.0,0.0,0.0,0.0,0.0,0.0,1.0,0.0,0.0,0.0,0.6931471805599453,8.574518258035507,0.0,0.6931471805599453,0.6931471805599453,0.0,0.0,0.0
https://blablacar.de,0,20.0,12.0,2.0,0.0,0.0,0.0,0.0,0.0,11.0,0.55,0.0,0.0,0.0,0.0,0.0,0.0,0.0,1.0,0.0,0.0,0.0,0.6931471805599453,6.650279048587422,0.0,0.6931471805599453,1.0986122886681098,0.0,0.0,0.0
https://al-jazirah.com,0,22.0,14.0,3.0,0.0,0.0,0.0,0.0,0.0,12.0,0.5454545454545454,0.0,0.0,0.0,0.0,0.0,1.0,0.045454545454545456,1.0,0.0,0.0,0.0,2.3978952727983707,5.75890177387728,0.0,0.6931471805599453,0.0,0.0,0.0,0.0
https://app.highwire.com,0,24.0,16.0,3.0,0.0,1.0,0.0,0.0,0.0,14.0,0.5833333333333334,0.0,0.0,0.0,0.0,0.0,0.0,0.0,1.0,0.0,0.0,0.0,3.970291913552122,11.24027649375218,0.0,1.9459101490553132,2.1972245773362196,0.0,0.0,0.0
https://adsnity.com,0,19.0,11.0,3.0,0.0,0.0,0.0,0.0,0.0,10.0,0.5263157894736842,0.0,0.0,0.0,0.0,0.0,0.0,0.0,1.0,0.0,0.0,0.0,0.6931471805599453,8.57866451350434,0.0,0.6931471805599453,0.6931471805599453,0.0,0.0,0.0
https://heaven666.org,0,21.0,13.0,3.0,0.0,0.0,0.0,0.0,0.0,9.0,0.42857142857142855,3.0,0.14285714285714285,0.0,0.0,0.0,0.0,0.0,1.0,0.0,0.0,0.0,0.6931471805599453,8.440312147080279,0.0,0.0,0.6931471805599453,0.0,0.0,0.0
https://tribe.net,0,17.0,9.0,3.0,0.0,0.0,0.0,0.0,0.0,8.0,0.47058823529411764,0.0,0.0,0.0,0.0,0.0,0.0,0.0,1.0,0.0,0.0,0.0,4.356708826689592,9.535390480896702,0.6931471805599453,1.791759469228055,1.6094379124341003,0.0,0.0,0.6931471805599453
https://marketpress.com,0,23.0,15.0,3.0,0.0,0.0,0.0,0.0,0.0,14.0,0.6086956521739131,0.0,0.0,0.0,0.0,0.0,0.0,0.0,1.0,0.0,0.0,0.0,6.415096959171596,9.086249986745132,3.295836866004329,3.2188758248682006,3.58351893845611,3.7376696182833684,1.0986122886681098,2.3978952727983707
https://oggi.it,0,15.0,7.0,2.0,0.0,0.0,0.0,0.0,0.0,6.0,0.4,0.0,0.0,0.0,0.0,0.0,0.0,0.0,1.0,0.0,0.0,0.0,8.382747094863314,7.455298485683291,4.430816798843313,1.0986122886681098,3.1354942159291497,6.0014148779611505,2.4849066497880004,2.833213344056216
https://hiyou365.com,0,20.0,12.0,3.0,0.0,0.0,0.0,0.0,0.0,8.0,0.4,3.0,0.15,0.0,0.0,0.0,0.0,0.0,1.0,0.0,0.0,0.0,6.677083461247136,6.839476438228843,2.8903717578961645,2.302585092994046,2.8903717578961645,1.791759469228055,1.791759469228055,4.007333185232471
https://pcdvd.com.tw,0,20.0,12.0,6.0,0.0,0.0,0.0,0.0,0.0,10.0,0.5,0.0,0.0,0.0,0.0,0.0,0.0,0.0,1.0,0.0,0.0,0.0,7.093404625868766,6.999422467507961,4.204692619390966,0.6931471805599453,2.5649493574615367,4.7535901911063645,0.0,0.0
https://shariyan.com,0,20.0,12.0,3.0,0.0,0.0,0.0,0.0,0.0,11.0,0.55,0.0,0.0,0.0,0.0,0.0,0.0,0.0,1.0,0.0,0.0,0.0,2.0794415416798357,3.7376696182833684,0.0,0.0,0.0,0.0,0.0,0.0
https://karfitsa.gr,0,19.0,11.0,2.0,0.0,0.0,0.0,0.0,0.0,10.0,0.5263157894736842,0.0,0.0,0.0,0.0,0.0,0.0,0.0,1.0,0.0,0.0,0.0,0.6931471805599453,8.582793648500186,0.0,0.6931471805599453,0.6931471805599453,0.0,0.0,0.0
https://inews24.com,0,19.0,11.0,3.0,0.0,0.0,0.0,0.0,0.0,8.0,0.42105263157894735,2.0,0.10526315789473684,0.0,0.0,0.0,0.0,0.0,1.0,0.0,0.0,0.0,8.10258642539079,10.79650965747093,4.68213122712422,1.9459101490553132,3.2188758248682006,5.4510384535657,0.0,2.772588722239781
https://x-obmen.com,0,19.0,11.0,3.0,0.0,0.0,0.0,0.0,0.0,9.0,0.47368421052631576,0.0,0.0,0.0,0.0,0.0,1.0,0.05263157894736842,1.0,0.0,0.0,0.0,4.8283137373023015,5.983936280687191,0.0,0.6931471805599453,0.6931471805599453,1.6094379124341003,0.0,0.6931471805599453
https://wnu.com,0,15.0,7.0,3.0,0.0,0.0,0.0,0.0,0.0,6.0,0.4,0.0,0.0,0.0,0.0,0.0,0.0,0.0,1.0,0.0,0.0,0.0,1.9459101490553132,3.7376696182833684,0.0,0.0,0.0,0.0,0.0,0.0
https://spidersweb.pl,0,21.0,13.0,2.0,0.0,0.0,0.0,0.0,0.0,12.0,0.5714285714285714,0.0,0.0,0.0,0.0,0.0,0.0,0.0,1.0,0.0,0.0,0.0,4.584967478670572,14.039779875365985,5.0369526024136295,2.4849066497880004,3.4657359027997265,6.180016653652572,0.0,2.8903717578961645
https://uni-protokolle.de,0,25.0,17.0,2.0,0.0,0.0,0.0,0.0,0.0,15.0,0.6,0.0,0.0,0.0,0.0,0.0,1.0,0.04,1.0,0.0,0.0,0.0,6.710523109452428,11.233304150473787,2.3978952727983707,2.8903717578961645,3.2188758248682006,3.8501476017100584,2.302585092994046,0.6931471805599453
https://weatherpage.ca,0,22.0,14.0,2.0,0.0,0.0,0.0,0.0,0.0,13.0,0.5909090909090909,0.0,0.0,0.0,0.0,0.0,0.0,0.0,1.0,0.0,0.0,0.0,4.31748811353631,8.540323608805092,0.0,0.6931471805599453,1.3862943611198906,4.997212273764115,0.0,0.0
https://mngacow.com,0,19.0,11.0,3.0,0.0,0.0,0.0,0.0,0.0,10.0,0.5263157894736842,0.0,0.0,0.0,0.0,0.0,0.0,0.0,1.0,0.0,0.0,0.0,0.6931471805599453,8.442038517815478,0.0,0.0,0.6931471805599453,0.0,0.0,0.0
https://motorauthority.com,0,26.0,18.0,3.0,0.0,0.0,0.0,0.0,0.0,17.0,0.6538461538461539,0.0,0.0,0.0,0.0,0.0,0.0,0.0,1.0,0.0,0.0,0.0,7.217443431696533,9.156834104453042,4.382026634673881,1.0986122886681098,3.044522437723423,5.351858133476067,1.0986122886681098,3.1780538303479458
https://damasgate.com,0,21.0,13.0,3.0,0.0,0.0,0.0,0.0,0.0,12.0,0.5714285714285714,0.0,0.0,0.0,0.0,0.0,0.0,0.0,1.0,0.0,0.0,0.0,4.060443010546419,6.831953565565855,0.6931471805599453,0.6931471805599453,0.6931471805599453,0.0,0.0,0.6931471805599453
https://op-arab.com,0,19.0,11.0,3.0,0.0,0.0,0.0,0.0,0.0,9.0,0.47368421052631576,0.0,0.0,0.0,0.0,0.0,1.0,0.05263157894736842,1.0,0.0,0.0,0.0,7.847371836159788,10.518186586766932,2.1972245773362196,3.332204510175204,3.5553480614894135,3.6375861597263857,0.0,0.0
https://morewords.com,0,21.0,13.0,3.0,0.0,0.0,0.0,0.0,0.0,12.0,0.5714285714285714,0.0,0.0,0.0,0.0,0.0,0.0,0.0,1.0,0.0,0.0,0.0,5.54907608489522,11.867749697398413,1.0986122886681098,0.6931471805599453,2.3978952727983707,4.189654742026425,0.6931471805599453,1.6094379124341003
https://epson.com,0,17.0,9.0,3.0,0.0,0.0,0.0,0.0,0.0,8.0,0.47058823529411764,0.0,0.0,0.0,0.0,0.0,0.0,0.0,1.0,0.0,0.0,0.0,6.12029741895095,5.616771097666572,1.0986122886681098,0.6931471805599453,3.091042453358316,3.4657359027997265,0.0,4.04305126783455
https://meetaffiliate.com,0,25.0,17.0,3.0,0.0,0.0,0.0,0.0,0.0,16.0,0.64,0.0,0.0,0.0,0.0,0.0,0.0,0.0,1.0,0.0,0.0,0.0,6.349138991379798,5.017279836814924,2.4849066497880004,2.4849066497880004,2.5649493574615367,2.70805020110221,0.0,0.6931471805599453
https://tested.com,0,18.0,10.0,3.0,0.0,0.0,0.0,0.0,0.0,9.0,0.5,0.0,0.0,0.0,0.0,0.0,0.0,0.0,1.0,0.0,0.0,0.0,8.940105213128122,10.439425213116973,2.6390573296152584,4.605170185988092,3.828641396489095,3.9512437185814275,0.0,3.5263605246161616
https://autobytel.com,0,21.0,13.0,3.0,0.0,0.0,0.0,0.0,0.0,12.0,0.5714285714285714,0.0,0.0,0.0,0.0,0.0,0.0,0.0,1.0,0.0,0.0,0.0,6.354370040797351,11.818695460158112,4.584967478670572,1.791759469228055,3.58351893845611,4.859812404361672,0.0,1.6094379124341003
https://thinkstockphotos.com,0,28.0,20.0,3.0,0.0,0.0,0.0,0.0,0.0,19.0,0.6785714285714286,0.0,0.0,0.0,0.0,0.0,0.0,0.0,1.0,0.0,0.0,0.0,3.044522437723423,5.198497031265826,0.0,0.0,0.0,0.0,0.0,0.0
https://passiontimes.hk,0,23.0,15.0,2.0,0.0,0.0,0.0,0.0,0.0,14.0,0.6086956521739131,0.0,0.0,0.0,0.0,0.0,0.0,0.0,1.0,0.0,0.0,0.0,8.22764270790443,7.871692664323645,0.6931471805599453,2.8903717578961645,2.9444389791664403,6.784457062637643,4.61512051684126,2.302585092994046
https://media2.pl,0,17.0,9.0,2.0,0.0,0.0,0.0,0.0,0.0,7.0,0.4117647058823529,1.0,0.058823529411764705,0.0,0.0,0.0,0.0,0.0,1.0,0.0,0.0,0.0,5.44673737166631,9.869413572202376,3.091042453358316,1.6094379124341003,2.772588722239781,4.718498871295094,0.0,1.3862943611198906
https://auspost.com.au,0,22.0,14.0,6.0,0.0,0.0,0.0,0.0,0.0,12.0,0.5454545454545454,0.0,0.0,0.0,0.0,0.0,0.0,0.0,1.0,0.0,0.0,0.0,10.243596027166285,8.216088098632316,2.1972245773362196,0.6931471805599453,3.091042453358316,7.161622002939187,0.0,3.1354942159291497
https://playsport.cc,0,20.0,12.0,2.0,0.0,0.0,0.0,0.0,0.0,11.0,0.55,0.0,0.0,0.0,0.0,0.0,0.0,0.0,1.0,0.0,0.0,0.0,7.838737559599282,5.655991810819852,4.007333185232471,2.772588722239781,3.044522437723423,5.631211781821365,0.0,1.0986122886681098
https://mightydeals.com,0,23.0,15.0,3.0,0.0,0.0,0.0,0.0,0.0,14.0,0.6086956521739131,0.0,0.0,0.0,0.0,0.0,0.0,0.0,1.0,0.0,0.0,0.0,2.995732273553991,12.678199020156887,4.653960350157523,1.0986122886681098,4.31748811353631,4.672828834461906,0.6931471805599453,1.9459101490553132
https://defence.pk,0,18.0,10.0,2.0,0.0,0.0,0.0,0.0,0.0,9.0,0.5,0.0,0.0,0.0,0.0,0.0,0.0,0.0,1.0,0.0,0.0,0.0,9.380673689458071,8.960467760919949,4.02535169073515,1.6094379124341003,3.091042453358316,6.238324625039508,1.0986122886681098,2.302585092994046
https://flagfox.net,0,19.0,11.0,3.0,0.0,0.0,0.0,0.0,0.0,10.0,0.5263157894736842,0.0,0.0,0.0,0.0,0.0,0.0,0.0,1.0,0.0,0.0,0.0,5.860786223465865,5.429345628954441,1.3862943611198906,0.6931471805599453,2.5649493574615367,1.3862943611198906,0.0,1.791759469228055
https://bluestone.com,0,21.0,13.0,3.0,0.0,0.0,0.0,0.0,0.0,12.0,0.5714285714285714,0.0,0.0,0.0,0.0,0.0,0.0,0.0,1.0,0.0,0.0,0.0,8.029758520440822,11.77882961050544,5.717027701406222,1.3862943611198906,2.5649493574615367,6.068425588244111,0.0,2.772588722239781
https://jeu-a-telecharger.com,0,29.0,21.0,3.0,0.0,0.0,0.0,0.0,0.0,18.0,0.6206896551724138,0.0,0.0,0.0,0.0,0.0,2.0,0.06896551724137931,1.0,0.0,0.0,0.0,5.814130531825066,10.588501749865884,3.044522437723423,1.9459101490553132,2.9444389791664403,3.4339872044851463,1.6094379124341003,3.6888794541139363
https://leads.su,0,16.0,8.0,2.0,0.0,0.0,0.0,0.0,0.0,7.0,0.4375,0.0,0.0,0.0,0.0,0.0,0.0,0.0,1.0,0.0,0.0,0.0,9.134646527606982,11.970483214569573,5.60947179518496,0.6931471805599453,1.3862943611198906,5.231108616854587,0.6931471805599453,2.833213344056216
https://my-shop.ru,0,18.0,10.0,2.0,0.0,0.0,0.0,0.0,0.0,8.0,0.4444444444444444,0.0,0.0,0.0,0.0,0.0,1.0,0.05555555555555555,1.0,0.0,0.0,0.0,5.14166355650266,12.904408839841576,4.356708826689592,4.07753744390572,1.9459101490553132,5.556828061699537,0.6931471805599453,1.6094379124341003
https://slrclub.com,0,19.0,11.0,3.0,0.0,0.0,0.0,0.0,0.0,10.0,0.5263157894736842,0.0,0.0,0.0,0.0,0.0,0.0,0.0,1.0,0.0,0.0,0.0,6.546785410760524,9.145375093123823,2.1972245773362196,1.0986122886681098,3.295836866004329,5.641907070938114,2.70805020110221,0.0
https://dreamersradio.com,0,25.0,17.0,3.0,0.0,0.0,0.0,0.0,0.0,16.0,0.64,0.0,0.0,0.0,0.0,0.0,0.0,0.0,1.0,0.0,0.0,0.0,6.706862336602747,6.839476438228843,2.995732273553991,2.302585092994046,2.8903717578961645,1.791759469228055,1.791759469228055,4.02535169073515
https://siterobot.com,0,21.0,13.0,3.0,0.0,0.0,0.0,0.0,0.0,12.0,0.5714285714285714,0.0,0.0,0.0,0.0,0.0,0.0,0.0,1.0,0.0,0.0,0.0,3.2188758248682006,10.530174366395803,2.0794415416798357,1.0986122886681098,3.367295829986474,2.9444389791664403,0.0,0.0
https://3dsystems.com,0,21.0,13.0,3.0,0.0,0.0,0.0,0.0,0.0,11.0,0.5238095238095238,1.0,0.047619047619047616,0.0,0.0,0.0,0.0,0.0,1.0,0.0,0.0,0.0,2.772588722239781,4.605170185988092,0.0,0.0,0.0,0.0,0.0,0.0
https://bitnovosti.com,0,22.0,14.0,3.0,0.0,0.0,0.0,0.0,0.0,13.0,0.5909090909090909,0.0,0.0,0.0,0.0,0.0,0.0,0.0,1.0,0.0,0.0,0.0,7.228388451573604,6.956545443151569,3.4011973816621555,2.302585092994046,3.5263605246161616,4.605170185988092,5.3471075307174685,3.6888794541139363
https://richmediagallery.com,0,28.0,20.0,3.0,0.0,0.0,0.0,0.0,0.0,19.0,0.6785714285714286,0.0,0.0,0.0,0.0,0.0,0.0,0.0,1.0,0.0,0.0,0.0,1.3862943611198906,9.114269903225448,1.0986122886681098,1.3862943611198906,1.9459101490553132,2.995732273553991,0.0,2.772588722239781
https://history.com,0,19.0,11.0,3.0,0.0,0.0,0.0,0.0,0.0,10.0,0.5263157894736842,0.0,0.0,0.0,0.0,0.0,0.0,0.0,1.0,0.0,0.0,0.0,5.332718793265369,12.75241212051812,3.7612001156935624,3.8501476017100584,4.976733742420574,5.204006687076795,0.6931471805599453,3.6635616461296463
https://peliculaschingonas.org,0,30.0,22.0,3.0,0.0,0.0,0.0,0.0,0.0,21.0,0.7,0.0,0.0,0.0,0.0,0.0,0.0,0.0,1.0,0.0,0.0,0.0,9.096499555552423,9.111955470054781,3.044522437723423,4.736198448394496,4.465908118654584,3.8501476017100584,3.367295829986474,2.6390573296152584
https://workable.com,0,20.0,12.0,3.0,0.0,0.0,0.0,0.0,0.0,11.0,0.55,0.0,0.0,0.0,0.0,0.0,0.0,0.0,1.0,0.0,0.0,0.0,6.037870919922137,12.042706298251824,3.4011973816621555,2.3978952727983707,3.4011973816621555,3.6375861597263857,0.0,2.1972245773362196
https://domainsherpa.com,0,24.0,16.0,3.0,0.0,0.0,0.0,0.0,0.0,15.0,0.625,0.0,0.0,0.0,0.0,0.0,0.0,0.0,1.0,0.0,0.0,0.0,7.562681246721884,9.086249986745132,4.174387269895637,2.70805020110221,3.58351893845611,6.771935555839602,0.0,2.772588722239781
https://dailypress.com,0,22.0,14.0,3.0,0.0,0.0,0.0,0.0,0.0,13.0,0.5909090909090909,0.0,0.0,0.0,0.0,0.0,0.0,0.0,1.0,0.0,0.0,0.0,8.452761331256848,10.666370661780968,3.6109179126442243,2.833213344056216,4.07753744390572,5.517452896464707,1.9459101490553132,3.6375861597263857
https://universal-music.co.jp,0,29.0,21.0,5.0,0.0,0.0,0.0,0.0,0.0,18.0,0.6206896551724138,0.0,0.0,0.0,0.0,0.0,1.0,0.034482758620689655,1.0,0.0,0.0,0.0,7.450660796211539,9.70625538300642,4.02535169073515,2.995732273553991,3.258096538021482,4.787491742782046,0.6931471805599453,3.367295829986474
https://fastweb.com,0,19.0,11.0,3.0,0.0,0.0,0.0,0.0,0.0,10.0,0.5263157894736842,0.0,0.0,0.0,0.0,0.0,0.0,0.0,1.0,0.0,0.0,0.0,7.57095858316901,6.892641641172089,3.4339872044851463,1.0986122886681098,2.833213344056216,4.90527477843843,0.0,2.70805020110221
https://che168.com,0,18.0,10.0,3.0,0.0,0.0,0.0,0.0,0.0,6.0,0.3333333333333333,3.0,0.16666666666666666,0.0,0.0,0.0,0.0,0.0,1.0,0.0,0.0,0.0,0.6931471805599453,6.895682697747868,0.0,0.0,0.6931471805599453,0.0,0.0,0.0
https://phpbb.com,0,17.0,9.0,3.0,0.0,0.0,0.0,0.0,0.0,8.0,0.47058823529411764,0.0,0.0,0.0,0.0,0.0,0.0,0.0,1.0,0.0,0.0,0.0,0.6931471805599453,8.574329382787047,0.0,0.6931471805599453,0.6931471805599453,0.0,0.0,0.0
https://humandigest.com,0,23.0,15.0,3.0,0.0,0.0,0.0,0.0,0.0,14.0,0.6086956521739131,0.0,0.0,0.0,0.0,0.0,0.0,0.0,1.0,0.0,0.0,0.0,6.706862336602747,6.839476438228843,2.995732273553991,2.302585092994046,2.8903717578961645,1.791759469228055,1.791759469228055,4.02535169073515
https://flightglobal.com,0,24.0,16.0,3.0,0.0,0.0,0.0,0.0,0.0,15.0,0.625,0.0,0.0,0.0,0.0,0.0,0.0,0.0,1.0,0.0,0.0,0.0,6.687108607866515,8.34212526333359,3.5553480614894135,2.5649493574615367,3.4339872044851463,4.700480365792417,1.6094379124341003,2.3978952727983707
https://memecdn.com,0,19.0,11.0,3.0,0.0,0.0,0.0,0.0,0.0,10.0,0.5263157894736842,0.0,0.0,0.0,0.0,0.0,0.0,0.0,1.0,0.0,0.0,0.0,4.795790545596741,8.31164394850298,0.0,1.0986122886681098,0.0,0.6931471805599453,0.0,0.0
https://canoe.ca,0,16.0,8.0,2.0,0.0,0.0,0.0,0.0,0.0,7.0,0.4375,0.0,0.0,0.0,0.0,0.0,0.0,0.0,1.0,0.0,0.0,0.0,6.648984550024776,9.693815353719375,2.302585092994046,2.4849066497880004,2.302585092994046,2.772588722239781,0.6931471805599453,0.0
https://yugatech.com,0,20.0,12.0,3.0,0.0,0.0,0.0,0.0,0.0,11.0,0.55,0.0,0.0,0.0,0.0,0.0,0.0,0.0,1.0,0.0,0.0,0.0,8.092239406724211,10.381552353058636,4.30406509320417,3.4339872044851463,3.9889840465642745,5.476463551931511,0.6931471805599453,2.5649493574615367
https://camster.com,0,19.0,11.0,3.0,0.0,0.0,0.0,0.0,0.0,10.0,0.5263157894736842,0.0,0.0,0.0,0.0,0.0,0.0,0.0,1.0,0.0,0.0,0.0,9.921130987708723,12.77998573816642,4.584967478670572,4.204692619390966,4.219507705176107,6.431331081933479,3.7612001156935624,4.127134385045092
https://pagescoring.com,0,23.0,15.0,3.0,0.0,0.0,0.0,0.0,0.0,14.0,0.6086956521739131,0.0,0.0,0.0,0.0,0.0,0.0,0.0,1.0,0.0,0.0,0.0,6.359573868672378,9.086249986745132,1.0986122886681098,2.5649493574615367,2.3978952727983707,2.302585092994046,0.0,1.0986122886681098
https://youdao.com,0,18.0,10.0,3.0,0.0,0.0,0.0,0.0,0.0,9.0,0.5,0.0,0.0,0.0,0.0,0.0,0.0,0.0,1.0,0.0,0.0,0.0,3.044522437723423,12.273927536429428,2.0794415416798357,1.0986122886681098,2.772588722239781,3.1354942159291497,0.0,2.3978952727983707
https://gqjapan.jp,0,18.0,10.0,2.0,0.0,0.0,0.0,0.0,0.0,9.0,0.5,0.0,0.0,0.0,0.0,0.0,0.0,0.0,1.0,0.0,0.0,0.0,7.403061091090091,13.575145819568196,3.258096538021482,1.9459101490553132,3.713572066704308,4.564348191467836,0.0,3.4965075614664802
https://emploitic.com,0,21.0,13.0,3.0,0.0,0.0,0.0,0.0,0.0,12.0,0.5714285714285714,0.0,0.0,0.0,0.0,0.0,0.0,0.0,1.0,0.0,0.0,0.0,5.752572638825633,14.068546059903438,3.295836866004329,2.1972245773362196,3.6635616461296463,4.442651256490317,0.0,1.0986122886681098
https://empoweredsustenance.com,0,31.0,23.0,3.0,0.0,0.0,0.0,0.0,0.0,22.0,0.7096774193548387,0.0,0.0,0.0,0.0,0.0,0.0,0.0,1.0,0.0,0.0,0.0,7.052721049232323,10.61378679191364,3.6109179126442243,3.332204510175204,3.871201010907891,3.8918202981106265,0.0,3.4011973816621555
https://cheers.com.tw,0,21.0,13.0,6.0,0.0,0.0,0.0,0.0,0.0,11.0,0.5238095238095238,0.0,0.0,0.0,0.0,0.0,0.0,0.0,1.0,0.0,0.0,0.0,0.6931471805599453,8.576593534697684,0.0,0.6931471805599453,0.6931471805599453,0.0,0.0,0.0
https://steamgifts.com,0,22.0,14.0,3.0,0.0,0.0,0.0,0.0,0.0,13.0,0.5909090909090909,0.0,0.0,0.0,0.0,0.0,0.0,0.0,1.0,0.0,0.0,0.0,0.6931471805599453,8.57922858233569,0.0,0.6931471805599453,0.6931471805599453,0.0,0.0,0.0
https://lushusa.com,0,19.0,11.0,3.0,0.0,0.0,0.0,0.0,0.0,10.0,0.5263157894736842,0.0,0.0,0.0,0.0,0.0,0.0,0.0,1.0,0.0,0.0,0.0,0.6931471805599453,8.588210678651517,0.0,0.6931471805599453,0.6931471805599453,0.0,0.0,0.0
https://classicshell.net,0,24.0,16.0,3.0,0.0,0.0,0.0,0.0,0.0,15.0,0.625,0.0,0.0,0.0,0.0,0.0,0.0,0.0,1.0,0.0,0.0,0.0,6.311734809152915,5.976350909297934,2.6390573296152584,1.0986122886681098,0.6931471805599453,3.6109179126442243,0.0,2.6390573296152584
https://khabarads.ir,0,20.0,12.0,2.0,0.0,0.0,0.0,0.0,0.0,11.0,0.55,0.0,0.0,0.0,0.0,0.0,0.0,0.0,1.0,0.0,0.0,0.0,6.198478716492308,5.267858159063328,1.3862943611198906,0.6931471805599453,1.791759469228055,1.3862943611198906,0.0,1.0986122886681098
https://vfsglobal.com,0,21.0,13.0,3.0,0.0,0.0,0.0,0.0,0.0,12.0,0.5714285714285714,0.0,0.0,0.0,0.0,0.0,0.0,0.0,1.0,0.0,0.0,0.0,6.498282149476434,5.54907608489522,2.995732273553991,1.6094379124341003,2.3978952727983707,2.6390573296152584,0.6931471805599453,1.6094379124341003
https://techhive.com,0,20.0,12.0,3.0,0.0,0.0,0.0,0.0,0.0,11.0,0.55,0.0,0.0,0.0,0.0,0.0,0.0,0.0,1.0,0.0,0.0,0.0,7.3632795869630385,10.219465494142757,3.044522437723423,3.1354942159291497,3.7612001156935624,4.624972813284271,1.6094379124341003,2.70805020110221
https://hellofax.com,0,20.0,12.0,3.0,0.0,0.0,0.0,0.0,0.0,11.0,0.55,0.0,0.0,0.0,0.0,0.0,0.0,0.0,1.0,0.0,0.0,0.0,6.78332520060396,9.07566546864958,2.8903717578961645,1.9459101490553132,2.4849066497880004,2.4849066497880004,0.6931471805599453,3.784189633918261
https://nysavingspecials.com,0,28.0,20.0,3.0,0.0,0.0,0.0,0.0,0.0,19.0,0.6785714285714286,0.0,0.0,0.0,0.0,0.0,0.0,0.0,1.0,0.0,0.0,0.0,7.321849713788356,9.892628809201252,4.477336814478207,2.3978952727983707,5.288267030694535,4.927253685157205,0.0,3.8501476017100584
https://mypresta.eu,0,19.0,11.0,2.0,0.0,0.0,0.0,0.0,0.0,10.0,0.5263157894736842,0.0,0.0,0.0,0.0,0.0,0.0,0.0,1.0,0.0,0.0,0.0,7.365180126021013,8.24354550792826,4.04305126783455,1.791759469228055,2.9444389791664403,5.187385805840755,1.791759469228055,0.0
https://gardenguides.com,0,24.0,16.0,3.0,0.0,0.0,0.0,0.0,0.0,15.0,0.625,0.0,0.0,0.0,0.0,0.0,0.0,0.0,1.0,0.0,0.0,0.0,6.8966943316227125,8.284251797621916,3.5553480614894135,0.6931471805599453,2.1972245773362196,5.2574953720277815,0.6931471805599453,2.833213344056216
https://pcper.com,0,17.0,9.0,3.0,0.0,0.0,0.0,0.0,0.0,8.0,0.47058823529411764,0.0,0.0,0.0,0.0,0.0,0.0,0.0,1.0,0.0,0.0,0.0,7.254884810077338,9.490242257109001,4.343805421853684,3.044522437723423,4.127134385045092,5.384495062789089,1.6094379124341003,2.302585092994046
https://lavanguardia.com,0,24.0,16.0,3.0,0.0,0.0,0.0,0.0,0.0,15.0,0.625,0.0,0.0,0.0,0.0,0.0,0.0,0.0,1.0,0.0,0.0,0.0,10.019758334201514,9.011645501064283,5.0369526024136295,2.70805020110221,4.204692619390966,5.771441123130016,0.6931471805599453,0.6931471805599453
https://dpdcart.com,0,19.0,11.0,3.0,0.0,0.0,0.0,0.0,0.0,10.0,0.5263157894736842,0.0,0.0,0.0,0.0,0.0,0.0,0.0,1.0,0.0,0.0,0.0,3.4965075614664802,5.356586274672012,0.6931471805599453,0.6931471805599453,0.0,0.0,0.0,0.6931471805599453
https://google.bg,0,17.0,9.0,2.0,0.0,0.0,0.0,0.0,0.0,8.0,0.47058823529411764,0.0,0.0,0.0,0.0,0.0,0.0,0.0,1.0,0.0,0.0,0.0,5.0238805208462765,9.699043078654404,1.0986122886681098,1.3862943611198906,2.4849066497880004,1.6094379124341003,0.0,2.1972245773362196
https://viglink.com,0,19.0,11.0,3.0,0.0,0.0,0.0,0.0,0.0,10.0,0.5263157894736842,0.0,0.0,0.0,0.0,0.0,0.0,0.0,1.0,0.0,0.0,0.0,7.465082736399547,8.20166019080868,4.04305126783455,2.8903717578961645,3.871201010907891,3.5263605246161616,0.0,3.58351893845611
https://yanair.net,0,18.0,10.0,3.0,0.0,0.0,0.0,0.0,0.0,9.0,0.5,0.0,0.0,0.0,0.0,0.0,0.0,0.0,1.0,0.0,0.0,0.0,0.6931471805599453,2.772588722239781,0.0,0.0,0.0,0.0,0.0,0.0
https://onlinesoccermanager.nl,0,30.0,22.0,2.0,0.0,0.0,0.0,0.0,0.0,21.0,0.7,0.0,0.0,0.0,0.0,0.0,0.0,0.0,1.0,0.0,0.0,0.0,7.25063551189868,6.961296045910167,0.0,1.6094379124341003,2.70805020110221,0.0,1.0986122886681098,0.0
https://empreendedor-digital.com,0,32.0,24.0,3.0,0.0,0.0,0.0,0.0,0.0,22.0,0.6875,0.0,0.0,0.0,0.0,0.0,1.0,0.03125,1.0,0.0,0.0,0.0,7.069023426578259,9.37704054786718,2.995732273553991,2.772588722239781,3.091042453358316,4.406719247264253,1.0986122886681098,1.0986122886681098
https://cotemaison.fr,0,21.0,13.0,2.0,0.0,0.0,0.0,0.0,0.0,12.0,0.5714285714285714,0.0,0.0,0.0,0.0,0.0,0.0,0.0,1.0,0.0,0.0,0.0,8.261009786023827,10.011534456619263,4.276666119016055,1.3862943611198906,3.2188758248682006,5.030437921392435,0.0,2.302585092994046
https://eluniversaltv.com.mx,0,28.0,20.0,6.0,0.0,0.0,0.0,0.0,0.0,18.0,0.6428571428571429,0.0,0.0,0.0,0.0,0.0,0.0,0.0,1.0,0.0,0.0,0.0,3.8918202981106265,11.674176591144892,3.5263605246161616,2.833213344056216,3.091042453358316,4.07753744390572,0.0,4.59511985013459
https://free-fonts.com,0,22.0,14.0,3.0,0.0,0.0,0.0,0.0,0.0,12.0,0.5454545454545454,0.0,0.0,0.0,0.0,0.0,1.0,0.045454545454545456,1.0,0.0,0.0,0.0,6.2285110035911835,7.201170883281678,1.9459101490553132,0.6931471805599453,2.302585092994046,4.1588830833596715,0.0,3.258096538021482
https://wordinn.com,0,19.0,11.0,3.0,0.0,0.0,0.0,0.0,0.0,10.0,0.5263157894736842,0.0,0.0,0.0,0.0,0.0,0.0,0.0,1.0,0.0,0.0,0.0,5.176149732573829,6.831953565565855,0.6931471805599453,0.6931471805599453,1.6094379124341003,0.0,0.0,0.0
https://tablethotels.com,0,24.0,16.0,3.0,0.0,0.0,0.0,0.0,0.0,15.0,0.625,0.0,0.0,0.0,0.0,0.0,0.0,0.0,1.0,0.0,0.0,0.0,5.568344503761097,8.213110697596676,1.0986122886681098,2.0794415416798357,3.6375861597263857,0.0,0.0,0.0
https://fast-growing-trees.com,0,30.0,22.0,3.0,0.0,0.0,0.0,0.0,0.0,19.0,0.6333333333333333,0.0,0.0,0.0,0.0,0.0,2.0,0.06666666666666667,1.0,0.0,0.0,0.0,3.8066624897703196,12.649302278859293,5.720311776607412,2.0794415416798357,2.833213344056216,5.267858159063328,0.0,2.833213344056216
https://spreadshirt.com,0,23.0,15.0,3.0,0.0,0.0,0.0,0.0,0.0,14.0,0.6086956521739131,0.0,0.0,0.0,0.0,0.0,0.0,0.0,1.0,0.0,0.0,0.0,5.863631175598097,11.539596606785041,3.8918202981106265,1.9459101490553132,2.1972245773362196,4.418840607796598,0.6931471805599453,1.3862943611198906
https://bootytape.com,0,21.0,13.0,3.0,0.0,0.0,0.0,0.0,0.0,12.0,0.5714285714285714,0.0,0.0,0.0,0.0,0.0,0.0,0.0,1.0,0.0,0.0,0.0,5.564520407322694,6.98100574072173,0.6931471805599453,1.3862943611198906,1.6094379124341003,3.1780538303479458,0.0,2.302585092994046
https://thetileapp.com,0,22.0,14.0,3.0,0.0,0.0,0.0,0.0,0.0,13.0,0.5909090909090909,0.0,0.0,0.0,0.0,0.0,0.0,0.0,1.0,0.0,0.0,0.0,4.51085950651685,5.983936280687191,0.0,1.0986122886681098,1.3862943611198906,0.0,0.0,0.6931471805599453
https://mikrocontroller.net,0,27.0,19.0,3.0,0.0,0.0,0.0,0.0,0.0,18.0,0.6666666666666666,0.0,0.0,0.0,0.0,0.0,0.0,0.0,1.0,0.0,0.0,0.0,0.6931471805599453,8.584290934948731,0.0,0.6931471805599453,0.6931471805599453,0.0,0.0,0.0
https://netvaluator.com,0,23.0,15.0,3.0,0.0,0.0,0.0,0.0,0.0,14.0,0.6086956521739131,0.0,0.0,0.0,0.0,0.0,0.0,0.0,1.0,0.0,0.0,0.0,7.273786317844895,9.682653831508809,4.48863636973214,2.4849066497880004,3.332204510175204,5.220355825078324,0.6931471805599453,0.6931471805599453
https://col3negoriginalcom.com,0,30.0,22.0,3.0,0.0,0.0,0.0,0.0,0.0,20.0,0.6666666666666666,1.0,0.03333333333333333,0.0,0.0,0.0,0.0,0.0,1.0,0.0,0.0,0.0,8.530109416682784,6.86171134048073,5.720311776607412,1.0986122886681098,1.791759469228055,5.717027701406222,0.6931471805599453,6.450470422144176
https://nudevista.tv,0,20.0,12.0,2.0,0.0,0.0,0.0,0.0,0.0,11.0,0.55,0.0,0.0,0.0,0.0,0.0,0.0,0.0,1.0,0.0,0.0,0.0,4.204692619390966,6.208590026096629,0.6931471805599453,1.0986122886681098,2.302585092994046,1.0986122886681098,0.0,0.0
https://tecchannel.de,0,21.0,13.0,2.0,0.0,0.0,0.0,0.0,0.0,12.0,0.5714285714285714,0.0,0.0,0.0,0.0,0.0,0.0,0.0,1.0,0.0,0.0,0.0,7.776115477098742,9.69830670159609,2.8903717578961645,3.295836866004329,3.58351893845611,0.0,0.0,5.303304908059076
https://shufoo.net,0,18.0,10.0,3.0,0.0,0.0,0.0,0.0,0.0,9.0,0.5,0.0,0.0,0.0,0.0,0.0,0.0,0.0,1.0,0.0,0.0,0.0,6.873163834212518,5.5254529391317835,2.70805020110221,1.9459101490553132,3.6888794541139363,5.393627546352362,1.0986122886681098,1.791759469228055
https://moncast.com,0,19.0,11.0,3.0,0.0,0.0,0.0,0.0,0.0,10.0,0.5263157894736842,0.0,0.0,0.0,0.0,0.0,0.0,0.0,1.0,0.0,0.0,0.0,0.6931471805599453,4.74493212836325,0.0,0.0,0.6931471805599453,0.0,0.0,0.0
https://accessorize.com,0,23.0,15.0,3.0,0.0,0.0,0.0,0.0,0.0,14.0,0.6086956521739131,0.0,0.0,0.0,0.0,0.0,0.0,0.0,1.0,0.0,0.0,0.0,8.768263145371286,10.220303579712972,3.4657359027997265,2.5649493574615367,3.6375861597263857,5.389071729816501,0.6931471805599453,1.9459101490553132
https://tradeking.com,0,21.0,13.0,3.0,0.0,0.0,0.0,0.0,0.0,12.0,0.5714285714285714,0.0,0.0,0.0,0.0,0.0,0.0,0.0,1.0,0.0,0.0,0.0,1.3862943611198906,12.742387637563148,1.6094379124341003,2.1972245773362196,4.343805421853684,2.4849066497880004,0.6931471805599453,3.8501476017100584
https://benchmarkemail.com,0,26.0,18.0,3.0,0.0,0.0,0.0,0.0,0.0,17.0,0.6538461538461539,0.0,0.0,0.0,0.0,0.0,0.0,0.0,1.0,0.0,0.0,0.0,7.76004068088038,11.98132155281337,3.784189633918261,3.4339872044851463,3.912023005428146,4.718498871295094,2.1972245773362196,3.2188758248682006
https://gotinder.com,0,20.0,12.0,3.0,0.0,0.0,0.0,0.0,0.0,11.0,0.55,0.0,0.0,0.0,0.0,0.0,0.0,0.0,1.0,0.0,0.0,0.0,3.6888794541139363,12.520218931092707,0.6931471805599453,1.6094379124341003,2.302585092994046,0.0,0.0,0.6931471805599453
https://calendarlabs.com,0,24.0,16.0,3.0,0.0,0.0,0.0,0.0,0.0,15.0,0.625,0.0,0.0,0.0,0.0,0.0,0.0,0.0,1.0,0.0,0.0,0.0,6.577861357721047,7.455876687491824,2.3978952727983707,1.6094379124341003,2.833213344056216,5.056245805348308,2.3978952727983707,2.3978952727983707
https://jalbum.net,0,18.0,10.0,3.0,0.0,0.0,0.0,0.0,0.0,9.0,0.5,0.0,0.0,0.0,0.0,0.0,0.0,0.0,1.0,0.0,0.0,0.0,6.911747300251674,6.617402977974478,3.2188758248682006,2.4849066497880004,3.258096538021482,4.3694478524670215,0.0,1.9459101490553132
https://linkpad.ru,0,18.0,10.0,2.0,0.0,0.0,0.0,0.0,0.0,9.0,0.5,0.0,0.0,0.0,0.0,0.0,0.0,0.0,1.0,0.0,0.0,0.0,7.7501841622578365,7.917900586327916,3.1354942159291497,2.302585092994046,2.6390573296152584,4.477336814478207,2.3978952727983707,2.833213344056216
https://risultati.it,0,20.0,12.0,2.0,0.0,0.0,0.0,0.0,0.0,11.0,0.55,0.0,0.0,0.0,0.0,0.0,0.0,0.0,1.0,0.0,0.0,0.0,7.591861714889934,9.331938343723671,1.3862943611198906,3.6109179126442243,4.110873864173311,5.82600010738045,0.0,2.6390573296152584
https://paulcraigroberts.org,0,28.0,20.0,3.0,0.0,0.0,0.0,0.0,0.0,19.0,0.6785714285714286,0.0,0.0,0.0,0.0,0.0,0.0,0.0,1.0,0.0,0.0,0.0,7.812782818577581,10.913651068019124,1.0986122886681098,3.970291913552122,3.970291913552122,5.424950017481403,1.0986122886681098,0.0
https://leafly.com,0,18.0,10.0,3.0,0.0,0.0,0.0,0.0,0.0,9.0,0.5,0.0,0.0,0.0,0.0,0.0,0.0,0.0,1.0,0.0,0.0,0.0,0.6931471805599453,8.57922858233569,0.0,0.6931471805599453,0.6931471805599453,0.0,0.0,0.0
https://enterfactory.com,0,24.0,16.0,3.0,0.0,0.0,0.0,0.0,0.0,15.0,0.625,0.0,0.0,0.0,0.0,0.0,0.0,0.0,1.0,0.0,0.0,0.0,7.126890808898808,10.713928760318431,4.0943445622221,2.772588722239781,2.995732273553991,4.060443010546419,0.6931471805599453,0.0
https://pgr21.com,0,17.0,9.0,3.0,0.0,0.0,0.0,0.0,0.0,6.0,0.35294117647058826,2.0,0.11764705882352941,0.0,0.0,0.0,0.0,0.0,1.0,0.0,0.0,0.0,7.403670290012373,9.059633754551479,0.0,1.0986122886681098,3.1354942159291497,4.709530201312334,2.0794415416798357,2.4849066497880004
https://peanutbutterandwhine.com,0,32.0,24.0,3.0,0.0,0.0,0.0,0.0,0.0,23.0,0.71875,0.0,0.0,0.0,0.0,0.0,0.0,0.0,1.0,0.0,0.0,0.0,4.919980925828125,10.480381776271823,2.772588722239781,3.4657359027997265,3.367295829986474,3.912023005428146,2.0794415416798357,3.4011973816621555
https://namemesh.com,0,20.0,12.0,3.0,0.0,0.0,0.0,0.0,0.0,11.0,0.55,0.0,0.0,0.0,0.0,0.0,0.0,0.0,1.0,0.0,0.0,0.0,0.6931471805599453,11.79977969485489,0.0,0.6931471805599453,3.7612001156935624,2.833213344056216,0.0,0.0
https://moneyplatform.biz,0,25.0,17.0,3.0,0.0,0.0,0.0,0.0,0.0,16.0,0.64,0.0,0.0,0.0,0.0,0.0,0.0,0.0,1.0,0.0,0.0,0.0,0.6931471805599453,6.834108738813838,0.0,0.6931471805599453,1.3862943611198906,0.0,0.0,0.0
https://tape.tv,0,15.0,7.0,2.0,0.0,0.0,0.0,0.0,0.0,6.0,0.4,0.0,0.0,0.0,0.0,0.0,0.0,0.0,1.0,0.0,0.0,0.0,3.9889840465642745,7.112327444710911,0.6931471805599453,0.0,1.0986122886681098,0.0,0.0,0.0
https://cottonelle.com,0,22.0,14.0,3.0,0.0,0.0,0.0,0.0,0.0,13.0,0.5909090909090909,0.0,0.0,0.0,0.0,0.0,0.0,0.0,1.0,0.0,0.0,0.0,0.6931471805599453,8.575273402492762,0.0,0.6931471805599453,0.6931471805599453,0.0,0.0,0.0
https://naughtyamerica.com,0,26.0,18.0,3.0,0.0,0.0,0.0,0.0,0.0,17.0,0.6538461538461539,0.0,0.0,0.0,0.0,0.0,0.0,0.0,1.0,0.0,0.0,0.0,0.6931471805599453,6.459904454377535,0.0,1.0986122886681098,0.0,0.0,0.0,0.0
https://samplicio.us,0,20.0,12.0,2.0,0.0,0.0,0.0,0.0,0.0,11.0,0.55,0.0,0.0,0.0,0.0,0.0,0.0,0.0,1.0,0.0,0.0,0.0,3.4011973816621555,4.330733340286331,0.0,0.0,0.6931471805599453,0.0,0.0,0.0
https://icicibank.com,0,21.0,13.0,3.0,0.0,0.0,0.0,0.0,0.0,12.0,0.5714285714285714,0.0,0.0,0.0,0.0,0.0,0.0,0.0,1.0,1.0,0.0,0.0,8.86120833720818,12.332925536526098,4.736198448394496,2.1972245773362196,3.2188758248682006,5.683579767338681,3.332204510175204,4.532599493153256
https://massivead.com,0,21.0,13.0,3.0,0.0,0.0,0.0,0.0,0.0,12.0,0.5714285714285714,0.0,0.0,0.0,0.0,0.0,0.0,0.0,1.0,0.0,0.0,0.0,6.706862336602747,6.839476438228843,2.995732273553991,2.302585092994046,2.8903717578961645,1.791759469228055,1.791759469228055,4.02535169073515
https://tudiscovery.com,0,23.0,15.0,3.0,0.0,0.0,0.0,0.0,0.0,14.0,0.6086956521739131,0.0,0.0,0.0,0.0,0.0,0.0,0.0,1.0,0.0,0.0,0.0,7.002155954403621,7.157735484249907,4.394449154672439,3.6109179126442243,3.4657359027997265,3.4657359027997265,0.0,4.574710978503383
https://seo-servis.cz,0,21.0,13.0,2.0,0.0,0.0,0.0,0.0,0.0,11.0,0.5238095238095238,0.0,0.0,0.0,0.0,0.0,1.0,0.047619047619047616,1.0,0.0,0.0,0.0,5.855071922202427,5.5254529391317835,2.0794415416798357,1.0986122886681098,2.6390573296152584,3.091042453358316,0.0,2.5649493574615367
https://lesarnaques.com,0,23.0,15.0,3.0,0.0,0.0,0.0,0.0,0.0,14.0,0.6086956521739131,0.0,0.0,0.0,0.0,0.0,0.0,0.0,1.0,0.0,0.0,0.0,0.6931471805599453,8.591743922680534,0.0,0.6931471805599453,0.6931471805599453,0.0,0.0,0.0
https://ebizmba.com,0,19.0,11.0,3.0,0.0,0.0,0.0,0.0,0.0,10.0,0.5263157894736842,0.0,0.0,0.0,0.0,0.0,0.0,0.0,1.0,0.0,0.0,0.0,5.66988092298052,5.5053315359323625,2.8903717578961645,0.6931471805599453,2.995732273553991,4.276666119016055,0.0,0.0
https://entropay.com,0,20.0,12.0,3.0,0.0,0.0,0.0,0.0,0.0,11.0,0.55,0.0,0.0,0.0,0.0,0.0,0.0,0.0,1.0,0.0,1.0,0.0,4.343805421853684,6.320768294250582,0.6931471805599453,2.1972245773362196,1.9459101490553132,0.0,0.0,0.6931471805599453
https://free-tarot-reading.net,0,30.0,22.0,3.0,0.0,0.0,0.0,0.0,0.0,19.0,0.6333333333333333,0.0,0.0,0.0,0.0,0.0,2.0,0.06666666666666667,1.0,0.0,0.0,0.0,5.8971538676367405,6.419994928147142,1.791759469228055,1.6094379124341003,2.772588722239781,2.833213344056216,0.6931471805599453,0.6931471805599453
https://auto-motor-und-sport.de,0,31.0,23.0,2.0,0.0,0.0,0.0,0.0,0.0,19.0,0.6129032258064516,0.0,0.0,0.0,0.0,0.0,3.0,0.0967741935483871,1.0,0.0,0.0,0.0,4.110873864173311,13.2051941946855,0.0,2.3978952727983707,3.58351893845611,0.0,0.0,0.0
https://thefader.com,0,20.0,12.0,3.0,0.0,0.0,0.0,0.0,0.0,11.0,0.55,0.0,0.0,0.0,0.0,0.0,0.0,0.0,1.0,0.0,0.0,0.0,7.4413203897176174,9.365462008843483,2.1972245773362196,1.0986122886681098,3.6375861597263857,4.007333185232471,1.0986122886681098,3.2188758248682006
https://travelguru.com,0,22.0,14.0,3.0,0.0,0.0,0.0,0.0,0.0,13.0,0.5909090909090909,0.0,0.0,0.0,0.0,0.0,0.0,0.0,1.0,0.0,0.0,0.0,4.852030263919617,8.54927308487965,1.0986122886681098,1.791759469228055,3.4965075614664802,0.0,0.0,0.0
https://thinksteroids.com,0,25.0,17.0,3.0,0.0,0.0,0.0,0.0,0.0,16.0,0.64,0.0,0.0,0.0,0.0,0.0,0.0,0.0,1.0,0.0,0.0,0.0,2.0794415416798357,4.709530201312334,0.0,0.0,0.6931471805599453,0.0,0.0,0.0
https://nintendolife.com,0,24.0,16.0,3.0,0.0,0.0,0.0,0.0,0.0,15.0,0.625,0.0,0.0,0.0,0.0,0.0,0.0,0.0,1.0,0.0,0.0,0.0,6.408528791059498,10.454754298299642,4.543294782270004,1.0986122886681098,2.3978952727983707,5.793013608384144,2.0794415416798357,3.332204510175204
https://e-weblink.com,0,21.0,13.0,3.0,0.0,0.0,0.0,0.0,0.0,11.0,0.5238095238095238,0.0,0.0,0.0,0.0,0.0,1.0,0.047619047619047616,1.0,0.0,0.0,0.0,5.60947179518496,5.5909869805108565,2.8903717578961645,1.6094379124341003,0.6931471805599453,2.995732273553991,0.0,2.772588722239781
https://fragrancex.com,0,22.0,14.0,3.0,0.0,0.0,0.0,0.0,0.0,13.0,0.5909090909090909,0.0,0.0,0.0,0.0,0.0,0.0,0.0,1.0,0.0,0.0,0.0,0.6931471805599453,8.584103896698863,0.0,0.6931471805599453,0.6931471805599453,0.0,0.0,0.0
https://cinematoday.jp,0,22.0,14.0,2.0,0.0,0.0,0.0,0.0,0.0,13.0,0.5909090909090909,0.0,0.0,0.0,0.0,0.0,0.0,0.0,1.0,0.0,0.0,0.0,6.675823221634848,9.229260256828693,3.970291913552122,1.791759469228055,3.258096538021482,4.61512051684126,0.6931471805599453,2.0794415416798357
https://digital-atelier.com,0,27.0,19.0,3.0,0.0,0.0,0.0,0.0,0.0,17.0,0.6296296296296297,0.0,0.0,0.0,0.0,0.0,1.0,0.037037037037037035,1.0,0.0,0.0,0.0,7.48605261786314,9.105868350379472,2.833213344056216,3.5553480614894135,2.302585092994046,2.6390573296152584,1.9459101490553132,4.356708826689592
https://createspace.com,0,23.0,15.0,3.0,0.0,0.0,0.0,0.0,0.0,14.0,0.6086956521739131,0.0,0.0,0.0,0.0,0.0,0.0,0.0,1.0,0.0,0.0,0.0,7.888709524182015,10.30681704851387,2.4849066497880004,1.9459101490553132,3.044522437723423,1.0986122886681098,1.9459101490553132,3.5263605246161616
https://stern.de,0,16.0,8.0,2.0,0.0,0.0,0.0,0.0,0.0,7.0,0.4375,0.0,0.0,0.0,0.0,0.0,0.0,0.0,1.0,0.0,0.0,0.0,9.254931255304058,7.599401333415815,4.795790545596741,1.791759469228055,2.302585092994046,6.0112671744041615,0.6931471805599453,1.9459101490553132
https://mobilefun.co.uk,0,23.0,15.0,5.0,0.0,0.0,0.0,0.0,0.0,13.0,0.5652173913043478,0.0,0.0,0.0,0.0,0.0,0.0,0.0,1.0,0.0,0.0,0.0,8.850230965588816,10.613737640995735,4.2626798770413155,2.5649493574615367,3.295836866004329,6.297109319933935,0.0,3.2188758248682006
https://onemilliondirectory.com,0,31.0,23.0,3.0,0.0,0.0,0.0,0.0,0.0,22.0,0.7096774193548387,0.0,0.0,0.0,0.0,0.0,0.0,0.0,1.0,0.0,0.0,0.0,5.971261839790462,10.245835351328815,2.302585092994046,1.791759469228055,2.8903717578961645,5.834810737062605,0.0,1.3862943611198906
https://html5boilerplate.com,0,28.0,20.0,3.0,0.0,0.0,0.0,0.0,0.0,18.0,0.6428571428571429,1.0,0.03571428571428571,0.0,0.0,0.0,0.0,0.0,1.0,0.0,0.0,0.0,5.2832037287379885,10.689783487794095,2.5649493574615367,0.6931471805599453,1.0986122886681098,0.0,0.0,2.9444389791664403
https://viaplay.se,0,18.0,10.0,2.0,0.0,0.0,0.0,0.0,0.0,9.0,0.5,0.0,0.0,0.0,0.0,0.0,0.0,0.0,1.0,0.0,0.0,0.0,0.6931471805599453,11.940862836337683,3.8501476017100584,1.0986122886681098,2.6390573296152584,4.5217885770490405,0.0,2.302585092994046
https://cockos.com,0,18.0,10.0,3.0,0.0,0.0,0.0,0.0,0.0,9.0,0.5,0.0,0.0,0.0,0.0,0.0,0.0,0.0,1.0,0.0,0.0,0.0,4.882801922586371,4.962844630259907,1.0986122886681098,1.3862943611198906,0.0,2.772588722239781,0.0,1.0986122886681098
